company_id,roe,z,metric,debt_to_equity,operating_profit_margin,asset_turnover
BEL,151.83333333333334,14.998252189003768,roe,,,
BEL,151.83333333333334,14.998252189003768,roe,,,
BEL,151.83333333333334,14.998252189003768,roe,,,
BEL,151.83333333333334,14.998252189003768,roe,,,
BEL,151.83333333333334,14.998252189003768,roe,,,
BEL,151.83333333333334,14.998252189003768,roe,,,
BEL,151.83333333333334,14.998252189003768,roe,,,
BEL,151.83333333333334,14.998252189003768,roe,,,
BEL,151.83333333333334,14.998252189003768,roe,,,
BEL,151.83333333333334,14.998252189003768,roe,,,
BEL,151.83333333333334,14.998252189003768,roe,,,
BEL,151.83333333333334,14.998252189003768,roe,,,
BEL,136.0,13.420780458155244,roe,,,
BEL,136.0,13.420780458155244,roe,,,
BEL,136.0,13.420780458155244,roe,,,
BEL,136.0,13.420780458155244,roe,,,
BEL,136.0,13.420780458155244,roe,,,
BEL,136.0,13.420780458155244,roe,,,
BEL,136.0,13.420780458155244,roe,,,
BEL,136.0,13.420780458155244,roe,,,
BEL,136.0,13.420780458155244,roe,,,
BEL,136.0,13.420780458155244,roe,,,
BEL,136.0,13.420780458155244,roe,,,
BEL,136.0,13.420780458155244,roe,,,
BEL,171.0,16.90782323160987,roe,,,
BEL,171.0,16.90782323160987,roe,,,
BEL,171.0,16.90782323160987,roe,,,
BEL,171.0,16.90782323160987,roe,,,
BEL,171.0,16.90782323160987,roe,,,
BEL,171.0,16.90782323160987,roe,,,
BEL,171.0,16.90782323160987,roe,,,
BEL,171.0,16.90782323160987,roe,,,
BEL,171.0,16.90782323160987,roe,,,
BEL,171.0,16.90782323160987,roe,,,
BEL,171.0,16.90782323160987,roe,,,
BEL,171.0,16.90782323160987,roe,,,
BEL,111.41666666666669,10.971548033943067,roe,,,
BEL,111.41666666666669,10.971548033943067,roe,,,
BEL,111.41666666666669,10.971548033943067,roe,,,
BEL,111.41666666666669,10.971548033943067,roe,,,
BEL,111.41666666666669,10.971548033943067,roe,,,
BEL,111.41666666666669,10.971548033943067,roe,,,
BEL,111.41666666666669,10.971548033943067,roe,,,
BEL,111.41666666666669,10.971548033943067,roe,,,
BEL,111.41666666666669,10.971548033943067,roe,,,
BEL,111.41666666666669,10.971548033943067,roe,,,
BEL,111.41666666666669,10.971548033943067,roe,,,
BEL,111.41666666666669,10.971548033943067,roe,,,
BEL,101.53333333333332,9.986873574581828,roe,,,
BEL,101.53333333333332,9.986873574581828,roe,,,
BEL,101.53333333333332,9.986873574581828,roe,,,
BEL,101.53333333333332,9.986873574581828,roe,,,
BEL,101.53333333333332,9.986873574581828,roe,,,
BEL,101.53333333333332,9.986873574581828,roe,,,
BEL,101.53333333333332,9.986873574581828,roe,,,
BEL,101.53333333333332,9.986873574581828,roe,,,
BEL,101.53333333333332,9.986873574581828,roe,,,
BEL,101.53333333333332,9.986873574581828,roe,,,
BEL,101.53333333333332,9.986873574581828,roe,,,
BEL,101.53333333333332,9.986873574581828,roe,,,
BEL,46.16129032258065,4.470168362237145,roe,,,
BEL,46.16129032258065,4.470168362237145,roe,,,
BEL,46.16129032258065,4.470168362237145,roe,,,
BEL,46.16129032258065,4.470168362237145,roe,,,
BEL,46.16129032258065,4.470168362237145,roe,,,
BEL,46.16129032258065,4.470168362237145,roe,,,
BEL,46.16129032258065,4.470168362237145,roe,,,
BEL,46.16129032258065,4.470168362237145,roe,,,
BEL,46.16129032258065,4.470168362237145,roe,,,
BEL,46.16129032258065,4.470168362237145,roe,,,
BEL,46.16129032258065,4.470168362237145,roe,,,
BEL,46.16129032258065,4.470168362237145,roe,,,
BEL,38.51020408163265,3.7078922197921207,roe,,,
BEL,38.51020408163265,3.7078922197921207,roe,,,
BEL,38.51020408163265,3.7078922197921207,roe,,,
BEL,38.51020408163265,3.7078922197921207,roe,,,
BEL,38.51020408163265,3.7078922197921207,roe,,,
BEL,38.51020408163265,3.7078922197921207,roe,,,
BEL,38.51020408163265,3.7078922197921207,roe,,,
BEL,38.51020408163265,3.7078922197921207,roe,,,
BEL,38.51020408163265,3.7078922197921207,roe,,,
BEL,38.51020408163265,3.7078922197921207,roe,,,
BEL,38.51020408163265,3.7078922197921207,roe,,,
BEL,38.51020408163265,3.7078922197921207,roe,,,
BEL,33.18181818181818,3.1770262327599608,roe,,,
BEL,33.18181818181818,3.1770262327599608,roe,,,
BEL,33.18181818181818,3.1770262327599608,roe,,,
BEL,33.18181818181818,3.1770262327599608,roe,,,
BEL,33.18181818181818,3.1770262327599608,roe,,,
BEL,33.18181818181818,3.1770262327599608,roe,,,
BEL,33.18181818181818,3.1770262327599608,roe,,,
BEL,33.18181818181818,3.1770262327599608,roe,,,
BEL,33.18181818181818,3.1770262327599608,roe,,,
BEL,33.18181818181818,3.1770262327599608,roe,,,
BEL,33.18181818181818,3.1770262327599608,roe,,,
BEL,33.18181818181818,3.1770262327599608,roe,,,
BEL,35.59322033898305,3.417273731789523,roe,,,
BEL,35.59322033898305,3.417273731789523,roe,,,
BEL,35.59322033898305,3.417273731789523,roe,,,
BEL,35.59322033898305,3.417273731789523,roe,,,
BEL,35.59322033898305,3.417273731789523,roe,,,
BEL,35.59322033898305,3.417273731789523,roe,,,
BEL,35.59322033898305,3.417273731789523,roe,,,
BEL,35.59322033898305,3.417273731789523,roe,,,
BEL,35.59322033898305,3.417273731789523,roe,,,
BEL,35.59322033898305,3.417273731789523,roe,,,
BEL,35.59322033898305,3.417273731789523,roe,,,
BEL,35.59322033898305,3.417273731789523,roe,,,
BEL,34.78260869565217,3.3365126611336624,roe,,,
BEL,34.78260869565217,3.3365126611336624,roe,,,
BEL,34.78260869565217,3.3365126611336624,roe,,,
BEL,34.78260869565217,3.3365126611336624,roe,,,
BEL,34.78260869565217,3.3365126611336624,roe,,,
BEL,34.78260869565217,3.3365126611336624,roe,,,
BEL,34.78260869565217,3.3365126611336624,roe,,,
BEL,34.78260869565217,3.3365126611336624,roe,,,
BEL,34.78260869565217,3.3365126611336624,roe,,,
BEL,34.78260869565217,3.3365126611336624,roe,,,
BEL,34.78260869565217,3.3365126611336624,roe,,,
BEL,34.78260869565217,3.3365126611336624,roe,,,
BEL,39.81333333333333,3.837722718078412,roe,,,
BEL,39.81333333333333,3.837722718078412,roe,,,
BEL,39.81333333333333,3.837722718078412,roe,,,
BEL,39.81333333333333,3.837722718078412,roe,,,
BEL,39.81333333333333,3.837722718078412,roe,,,
BEL,39.81333333333333,3.837722718078412,roe,,,
BEL,39.81333333333333,3.837722718078412,roe,,,
BEL,39.81333333333333,3.837722718078412,roe,,,
BEL,39.81333333333333,3.837722718078412,roe,,,
BEL,39.81333333333333,3.837722718078412,roe,,,
BEL,39.81333333333333,3.837722718078412,roe,,,
BEL,39.81333333333333,3.837722718078412,roe,,,
BEL,47.44047619047619,4.597613386138586,roe,,,
BEL,47.44047619047619,4.597613386138586,roe,,,
BEL,47.44047619047619,4.597613386138586,roe,,,
BEL,47.44047619047619,4.597613386138586,roe,,,
BEL,47.44047619047619,4.597613386138586,roe,,,
BEL,47.44047619047619,4.597613386138586,roe,,,
BEL,47.44047619047619,4.597613386138586,roe,,,
BEL,47.44047619047619,4.597613386138586,roe,,,
BEL,47.44047619047619,4.597613386138586,roe,,,
BEL,47.44047619047619,4.597613386138586,roe,,,
BEL,47.44047619047619,4.597613386138586,roe,,,
BEL,47.44047619047619,4.597613386138586,roe,,,
HAL,33.24183006535948,3.1830052043263635,roe,,,
HAL,33.24183006535948,3.1830052043263635,roe,,,
HAL,33.24183006535948,3.1830052043263635,roe,,,
HAL,33.24183006535948,3.1830052043263635,roe,,,
HAL,33.24183006535948,3.1830052043263635,roe,,,
HAL,33.24183006535948,3.1830052043263635,roe,,,
HAL,33.24183006535948,3.1830052043263635,roe,,,
HAL,33.24183006535948,3.1830052043263635,roe,,,
HAL,32.83050847457627,3.142025319163322,roe,,,
HAL,32.83050847457627,3.142025319163322,roe,,,
HAL,32.83050847457627,3.142025319163322,roe,,,
HAL,32.83050847457627,3.142025319163322,roe,,,
HAL,32.83050847457627,3.142025319163322,roe,,,
HAL,32.83050847457627,3.142025319163322,roe,,,
HAL,32.83050847457627,3.142025319163322,roe,,,
HAL,32.83050847457627,3.142025319163322,roe,,,
HAL,38.16582914572864,3.673582216032035,roe,,,
HAL,38.16582914572864,3.673582216032035,roe,,,
HAL,38.16582914572864,3.673582216032035,roe,,,
HAL,38.16582914572864,3.673582216032035,roe,,,
HAL,38.16582914572864,3.673582216032035,roe,,,
HAL,38.16582914572864,3.673582216032035,roe,,,
HAL,38.16582914572864,3.673582216032035,roe,,,
HAL,38.16582914572864,3.673582216032035,roe,,,
INDIGO,178.86363636363637,17.691275698892536,roe,,,
INDIGO,178.86363636363637,17.691275698892536,roe,,,
INDIGO,178.86363636363637,17.691275698892536,roe,,,
INDIGO,178.86363636363637,17.691275698892536,roe,,,
INDIGO,178.86363636363637,17.691275698892536,roe,,,
INDIGO,178.86363636363637,17.691275698892536,roe,,,
INDIGO,178.86363636363637,17.691275698892536,roe,,,
INDIGO,178.86363636363637,17.691275698892536,roe,,,
INDIGO,178.86363636363637,17.691275698892536,roe,,,
INDIGO,178.86363636363637,17.691275698892536,roe,,,
INDIGO,178.86363636363637,17.691275698892536,roe,,,
INDIGO,178.86363636363637,17.691275698892536,roe,,,
INDIGO,107.72727272727272,10.603974477520467,roe,,,
INDIGO,107.72727272727272,10.603974477520467,roe,,,
INDIGO,107.72727272727272,10.603974477520467,roe,,,
INDIGO,107.72727272727272,10.603974477520467,roe,,,
INDIGO,107.72727272727272,10.603974477520467,roe,,,
INDIGO,107.72727272727272,10.603974477520467,roe,,,
INDIGO,107.72727272727272,10.603974477520467,roe,,,
INDIGO,107.72727272727272,10.603974477520467,roe,,,
INDIGO,107.72727272727272,10.603974477520467,roe,,,
INDIGO,107.72727272727272,10.603974477520467,roe,,,
INDIGO,107.72727272727272,10.603974477520467,roe,,,
INDIGO,107.72727272727272,10.603974477520467,roe,,,
INDIGO,49.3939393939394,4.792236521762755,roe,,,
INDIGO,49.3939393939394,4.792236521762755,roe,,,
INDIGO,49.3939393939394,4.792236521762755,roe,,,
INDIGO,49.3939393939394,4.792236521762755,roe,,,
INDIGO,49.3939393939394,4.792236521762755,roe,,,
INDIGO,49.3939393939394,4.792236521762755,roe,,,
INDIGO,49.3939393939394,4.792236521762755,roe,,,
INDIGO,49.3939393939394,4.792236521762755,roe,,,
INDIGO,49.3939393939394,4.792236521762755,roe,,,
INDIGO,49.3939393939394,4.792236521762755,roe,,,
INDIGO,49.3939393939394,4.792236521762755,roe,,,
INDIGO,49.3939393939394,4.792236521762755,roe,,,
ADANIPOWER,,6.539910638373823,debt_to_equity,59.43194600674916,,
ADANIPOWER,,6.539910638373823,debt_to_equity,59.43194600674916,,
ADANIPOWER,,6.539910638373823,debt_to_equity,59.43194600674916,,
ADANIPOWER,,6.539910638373823,debt_to_equity,59.43194600674916,,
ADANIPOWER,,6.539910638373823,debt_to_equity,59.43194600674916,,
ADANIPOWER,,6.539910638373823,debt_to_equity,59.43194600674916,,
ADANIPOWER,,6.539910638373823,debt_to_equity,59.43194600674916,,
ADANIPOWER,,6.539910638373823,debt_to_equity,59.43194600674916,,
ADANIPOWER,,6.539910638373823,debt_to_equity,59.43194600674916,,
ADANIPOWER,,6.539910638373823,debt_to_equity,59.43194600674916,,
ADANIPOWER,,6.539910638373823,debt_to_equity,59.43194600674916,,
ADANIPOWER,,6.539910638373823,debt_to_equity,59.43194600674916,,
LICI,,38.339174069496394,debt_to_equity,332.59382716049384,,
LICI,,38.339174069496394,debt_to_equity,332.59382716049384,,
LICI,,38.339174069496394,debt_to_equity,332.59382716049384,,
LICI,,38.339174069496394,debt_to_equity,332.59382716049384,,
LICI,,38.339174069496394,debt_to_equity,332.59382716049384,,
LICI,,38.339174069496394,debt_to_equity,332.59382716049384,,
LICI,,29.062825702311308,debt_to_equity,252.9081836327345,,
LICI,,29.062825702311308,debt_to_equity,252.9081836327345,,
LICI,,29.062825702311308,debt_to_equity,252.9081836327345,,
LICI,,29.062825702311308,debt_to_equity,252.9081836327345,,
LICI,,29.062825702311308,debt_to_equity,252.9081836327345,,
LICI,,29.062825702311308,debt_to_equity,252.9081836327345,,
BEL,,7.248573976848954,asset_turnover,,,139.4
BEL,,7.248573976848954,asset_turnover,,,139.4
BEL,,7.248573976848954,asset_turnover,,,139.4
BEL,,7.248573976848954,asset_turnover,,,139.4
BEL,,7.248573976848954,asset_turnover,,,139.4
BEL,,7.248573976848954,asset_turnover,,,139.4
BEL,,7.248573976848954,asset_turnover,,,139.4
BEL,,7.248573976848954,asset_turnover,,,139.4
BEL,,7.248573976848954,asset_turnover,,,139.4
BEL,,7.248573976848954,asset_turnover,,,139.4
BEL,,7.248573976848954,asset_turnover,,,139.4
BEL,,7.248573976848954,asset_turnover,,,139.4
BEL,,7.370863330760269,asset_turnover,,,141.69565217391303
BEL,,7.370863330760269,asset_turnover,,,141.69565217391303
BEL,,7.370863330760269,asset_turnover,,,141.69565217391303
BEL,,7.370863330760269,asset_turnover,,,141.69565217391303
BEL,,7.370863330760269,asset_turnover,,,141.69565217391303
BEL,,7.370863330760269,asset_turnover,,,141.69565217391303
BEL,,7.370863330760269,asset_turnover,,,141.69565217391303
BEL,,7.370863330760269,asset_turnover,,,141.69565217391303
BEL,,7.370863330760269,asset_turnover,,,141.69565217391303
BEL,,7.370863330760269,asset_turnover,,,141.69565217391303
BEL,,7.370863330760269,asset_turnover,,,141.69565217391303
BEL,,7.370863330760269,asset_turnover,,,141.69565217391303
BEL,,7.533840175335958,asset_turnover,,,144.75510204081633
BEL,,7.533840175335958,asset_turnover,,,144.75510204081633
BEL,,7.533840175335958,asset_turnover,,,144.75510204081633
BEL,,7.533840175335958,asset_turnover,,,144.75510204081633
BEL,,7.533840175335958,asset_turnover,,,144.75510204081633
BEL,,7.533840175335958,asset_turnover,,,144.75510204081633
BEL,,7.533840175335958,asset_turnover,,,144.75510204081633
BEL,,7.533840175335958,asset_turnover,,,144.75510204081633
BEL,,7.533840175335958,asset_turnover,,,144.75510204081633
BEL,,7.533840175335958,asset_turnover,,,144.75510204081633
BEL,,7.533840175335958,asset_turnover,,,144.75510204081633
BEL,,7.533840175335958,asset_turnover,,,144.75510204081633
BEL,,7.356343251588108,asset_turnover,,,141.42307692307693
BEL,,7.356343251588108,asset_turnover,,,141.42307692307693
BEL,,7.356343251588108,asset_turnover,,,141.42307692307693
BEL,,7.356343251588108,asset_turnover,,,141.42307692307693
BEL,,7.356343251588108,asset_turnover,,,141.42307692307693
BEL,,7.356343251588108,asset_turnover,,,141.42307692307693
BEL,,7.356343251588108,asset_turnover,,,141.42307692307693
BEL,,7.356343251588108,asset_turnover,,,141.42307692307693
BEL,,7.356343251588108,asset_turnover,,,141.42307692307693
BEL,,7.356343251588108,asset_turnover,,,141.42307692307693
BEL,,7.356343251588108,asset_turnover,,,141.42307692307693
BEL,,7.356343251588108,asset_turnover,,,141.42307692307693
BEL,,5.811114598206335,asset_turnover,,,112.41558441558442
BEL,,5.811114598206335,asset_turnover,,,112.41558441558442
BEL,,5.811114598206335,asset_turnover,,,112.41558441558442
BEL,,5.811114598206335,asset_turnover,,,112.41558441558442
BEL,,5.811114598206335,asset_turnover,,,112.41558441558442
BEL,,5.811114598206335,asset_turnover,,,112.41558441558442
BEL,,5.811114598206335,asset_turnover,,,112.41558441558442
BEL,,5.811114598206335,asset_turnover,,,112.41558441558442
BEL,,5.811114598206335,asset_turnover,,,112.41558441558442
BEL,,5.811114598206335,asset_turnover,,,112.41558441558442
BEL,,5.811114598206335,asset_turnover,,,112.41558441558442
BEL,,5.811114598206335,asset_turnover,,,112.41558441558442
BEL,,4.4017556076655335,asset_turnover,,,85.95867768595042
BEL,,4.4017556076655335,asset_turnover,,,85.95867768595042
BEL,,4.4017556076655335,asset_turnover,,,85.95867768595042
BEL,,4.4017556076655335,asset_turnover,,,85.95867768595042
BEL,,4.4017556076655335,asset_turnover,,,85.95867768595042
BEL,,4.4017556076655335,asset_turnover,,,85.95867768595042
BEL,,4.4017556076655335,asset_turnover,,,85.95867768595042
BEL,,4.4017556076655335,asset_turnover,,,85.95867768595042
BEL,,4.4017556076655335,asset_turnover,,,85.95867768595042
BEL,,4.4017556076655335,asset_turnover,,,85.95867768595042
BEL,,4.4017556076655335,asset_turnover,,,85.95867768595042
BEL,,4.4017556076655335,asset_turnover,,,85.95867768595042
BEL,,4.965405563873756,asset_turnover,,,96.53968253968254
BEL,,4.965405563873756,asset_turnover,,,96.53968253968254
BEL,,4.965405563873756,asset_turnover,,,96.53968253968254
BEL,,4.965405563873756,asset_turnover,,,96.53968253968254
BEL,,4.965405563873756,asset_turnover,,,96.53968253968254
BEL,,4.965405563873756,asset_turnover,,,96.53968253968254
BEL,,4.965405563873756,asset_turnover,,,96.53968253968254
BEL,,4.965405563873756,asset_turnover,,,96.53968253968254
BEL,,4.965405563873756,asset_turnover,,,96.53968253968254
BEL,,4.965405563873756,asset_turnover,,,96.53968253968254
BEL,,4.965405563873756,asset_turnover,,,96.53968253968254
BEL,,4.965405563873756,asset_turnover,,,96.53968253968254
BEL,,5.485075532476205,asset_turnover,,,106.29508196721312
BEL,,5.485075532476205,asset_turnover,,,106.29508196721312
BEL,,5.485075532476205,asset_turnover,,,106.29508196721312
BEL,,5.485075532476205,asset_turnover,,,106.29508196721312
BEL,,5.485075532476205,asset_turnover,,,106.29508196721312
BEL,,5.485075532476205,asset_turnover,,,106.29508196721312
BEL,,5.485075532476205,asset_turnover,,,106.29508196721312
BEL,,5.485075532476205,asset_turnover,,,106.29508196721312
BEL,,5.485075532476205,asset_turnover,,,106.29508196721312
BEL,,5.485075532476205,asset_turnover,,,106.29508196721312
BEL,,5.485075532476205,asset_turnover,,,106.29508196721312
BEL,,5.485075532476205,asset_turnover,,,106.29508196721312
BEL,,4.7673843013243005,asset_turnover,,,92.82236842105264
BEL,,4.7673843013243005,asset_turnover,,,92.82236842105264
BEL,,4.7673843013243005,asset_turnover,,,92.82236842105264
BEL,,4.7673843013243005,asset_turnover,,,92.82236842105264
BEL,,4.7673843013243005,asset_turnover,,,92.82236842105264
BEL,,4.7673843013243005,asset_turnover,,,92.82236842105264
BEL,,4.7673843013243005,asset_turnover,,,92.82236842105264
BEL,,4.7673843013243005,asset_turnover,,,92.82236842105264
BEL,,4.7673843013243005,asset_turnover,,,92.82236842105264
BEL,,4.7673843013243005,asset_turnover,,,92.82236842105264
BEL,,4.7673843013243005,asset_turnover,,,92.82236842105264
BEL,,4.7673843013243005,asset_turnover,,,92.82236842105264
BEL,,4.845149963289771,asset_turnover,,,94.28220858895706
BEL,,4.845149963289771,asset_turnover,,,94.28220858895706
BEL,,4.845149963289771,asset_turnover,,,94.28220858895706
BEL,,4.845149963289771,asset_turnover,,,94.28220858895706
BEL,,4.845149963289771,asset_turnover,,,94.28220858895706
BEL,,4.845149963289771,asset_turnover,,,94.28220858895706
BEL,,4.845149963289771,asset_turnover,,,94.28220858895706
BEL,,4.845149963289771,asset_turnover,,,94.28220858895706
BEL,,4.845149963289771,asset_turnover,,,94.28220858895706
BEL,,4.845149963289771,asset_turnover,,,94.28220858895706
BEL,,4.845149963289771,asset_turnover,,,94.28220858895706
BEL,,4.845149963289771,asset_turnover,,,94.28220858895706
BEL,,6.3830847137161895,asset_turnover,,,123.15277777777776
BEL,,6.3830847137161895,asset_turnover,,,123.15277777777776
BEL,,6.3830847137161895,asset_turnover,,,123.15277777777776
BEL,,6.3830847137161895,asset_turnover,,,123.15277777777776
BEL,,6.3830847137161895,asset_turnover,,,123.15277777777776
BEL,,6.3830847137161895,asset_turnover,,,123.15277777777776
BEL,,6.3830847137161895,asset_turnover,,,123.15277777777776
BEL,,6.3830847137161895,asset_turnover,,,123.15277777777776
BEL,,6.3830847137161895,asset_turnover,,,123.15277777777776
BEL,,6.3830847137161895,asset_turnover,,,123.15277777777776
BEL,,6.3830847137161895,asset_turnover,,,123.15277777777776
BEL,,6.3830847137161895,asset_turnover,,,123.15277777777776
BEL,,6.528800544763791,asset_turnover,,,125.88819875776396
BEL,,6.528800544763791,asset_turnover,,,125.88819875776396
BEL,,6.528800544763791,asset_turnover,,,125.88819875776396
BEL,,6.528800544763791,asset_turnover,,,125.88819875776396
BEL,,6.528800544763791,asset_turnover,,,125.88819875776396
BEL,,6.528800544763791,asset_turnover,,,125.88819875776396
BEL,,6.528800544763791,asset_turnover,,,125.88819875776396
BEL,,6.528800544763791,asset_turnover,,,125.88819875776396
BEL,,6.528800544763791,asset_turnover,,,125.88819875776396
BEL,,6.528800544763791,asset_turnover,,,125.88819875776396
BEL,,6.528800544763791,asset_turnover,,,125.88819875776396
BEL,,6.528800544763791,asset_turnover,,,125.88819875776396
HAL,,5.447421821713974,asset_turnover,,,105.58823529411764
HAL,,5.447421821713974,asset_turnover,,,105.58823529411764
HAL,,5.447421821713974,asset_turnover,,,105.58823529411764
HAL,,5.447421821713974,asset_turnover,,,105.58823529411764
HAL,,5.447421821713974,asset_turnover,,,105.58823529411764
HAL,,5.447421821713974,asset_turnover,,,105.58823529411764
HAL,,5.447421821713974,asset_turnover,,,105.58823529411764
HAL,,5.447421821713974,asset_turnover,,,105.58823529411764
HAL,,5.765550466465106,asset_turnover,,,111.56024096385542
HAL,,5.765550466465106,asset_turnover,,,111.56024096385542
HAL,,5.765550466465106,asset_turnover,,,111.56024096385542
HAL,,5.765550466465106,asset_turnover,,,111.56024096385542
HAL,,5.765550466465106,asset_turnover,,,111.56024096385542
HAL,,5.765550466465106,asset_turnover,,,111.56024096385542
HAL,,5.765550466465106,asset_turnover,,,111.56024096385542
HAL,,5.765550466465106,asset_turnover,,,111.56024096385542
HAL,,5.913171585181674,asset_turnover,,,114.33142857142856
HAL,,5.913171585181674,asset_turnover,,,114.33142857142856
HAL,,5.913171585181674,asset_turnover,,,114.33142857142856
HAL,,5.913171585181674,asset_turnover,,,114.33142857142856
HAL,,5.913171585181674,asset_turnover,,,114.33142857142856
HAL,,5.913171585181674,asset_turnover,,,114.33142857142856
HAL,,5.913171585181674,asset_turnover,,,114.33142857142856
HAL,,5.913171585181674,asset_turnover,,,114.33142857142856
HAL,,6.4260607948269435,asset_turnover,,,123.95953757225432
HAL,,6.4260607948269435,asset_turnover,,,123.95953757225432
HAL,,6.4260607948269435,asset_turnover,,,123.95953757225432
HAL,,6.4260607948269435,asset_turnover,,,123.95953757225432
HAL,,6.4260607948269435,asset_turnover,,,123.95953757225432
HAL,,6.4260607948269435,asset_turnover,,,123.95953757225432
HAL,,6.4260607948269435,asset_turnover,,,123.95953757225432
HAL,,6.4260607948269435,asset_turnover,,,123.95953757225432
HAL,,6.376091835030065,asset_turnover,,,123.02150537634408
HAL,,6.376091835030065,asset_turnover,,,123.02150537634408
HAL,,6.376091835030065,asset_turnover,,,123.02150537634408
HAL,,6.376091835030065,asset_turnover,,,123.02150537634408
HAL,,6.376091835030065,asset_turnover,,,123.02150537634408
HAL,,6.376091835030065,asset_turnover,,,123.02150537634408
HAL,,6.376091835030065,asset_turnover,,,123.02150537634408
HAL,,6.376091835030065,asset_turnover,,,123.02150537634408
HAL,,6.315347153295533,asset_turnover,,,121.88118811881188
HAL,,6.315347153295533,asset_turnover,,,121.88118811881188
HAL,,6.315347153295533,asset_turnover,,,121.88118811881188
HAL,,6.315347153295533,asset_turnover,,,121.88118811881188
HAL,,6.315347153295533,asset_turnover,,,121.88118811881188
HAL,,6.315347153295533,asset_turnover,,,121.88118811881188
HAL,,6.315347153295533,asset_turnover,,,121.88118811881188
HAL,,6.315347153295533,asset_turnover,,,121.88118811881188
HAL,,5.115926887261786,asset_turnover,,,99.36531365313652
HAL,,5.115926887261786,asset_turnover,,,99.36531365313652
HAL,,5.115926887261786,asset_turnover,,,99.36531365313652
HAL,,5.115926887261786,asset_turnover,,,99.36531365313652
HAL,,5.115926887261786,asset_turnover,,,99.36531365313652
HAL,,5.115926887261786,asset_turnover,,,99.36531365313652
HAL,,5.115926887261786,asset_turnover,,,99.36531365313652
HAL,,5.115926887261786,asset_turnover,,,99.36531365313652
HAL,,3.4191724144510367,asset_turnover,,,67.51333333333334
HAL,,3.4191724144510367,asset_turnover,,,67.51333333333334
HAL,,3.4191724144510367,asset_turnover,,,67.51333333333334
HAL,,3.4191724144510367,asset_turnover,,,67.51333333333334
HAL,,3.4191724144510367,asset_turnover,,,67.51333333333334
HAL,,3.4191724144510367,asset_turnover,,,67.51333333333334
HAL,,3.4191724144510367,asset_turnover,,,67.51333333333334
HAL,,3.4191724144510367,asset_turnover,,,67.51333333333334
INDIGO,,18.6782636357813,asset_turnover,,,353.96153846153845
INDIGO,,18.6782636357813,asset_turnover,,,353.96153846153845
INDIGO,,18.6782636357813,asset_turnover,,,353.96153846153845
INDIGO,,18.6782636357813,asset_turnover,,,353.96153846153845
INDIGO,,18.6782636357813,asset_turnover,,,353.96153846153845
INDIGO,,18.6782636357813,asset_turnover,,,353.96153846153845
INDIGO,,18.6782636357813,asset_turnover,,,353.96153846153845
INDIGO,,18.6782636357813,asset_turnover,,,353.96153846153845
INDIGO,,18.6782636357813,asset_turnover,,,353.96153846153845
INDIGO,,18.6782636357813,asset_turnover,,,353.96153846153845
INDIGO,,18.6782636357813,asset_turnover,,,353.96153846153845
INDIGO,,18.6782636357813,asset_turnover,,,353.96153846153845
INDIGO,,16.742807073749454,asset_turnover,,,317.62857142857143
INDIGO,,16.742807073749454,asset_turnover,,,317.62857142857143
INDIGO,,16.742807073749454,asset_turnover,,,317.62857142857143
INDIGO,,16.742807073749454,asset_turnover,,,317.62857142857143
INDIGO,,16.742807073749454,asset_turnover,,,317.62857142857143
INDIGO,,16.742807073749454,asset_turnover,,,317.62857142857143
INDIGO,,16.742807073749454,asset_turnover,,,317.62857142857143
INDIGO,,16.742807073749454,asset_turnover,,,317.62857142857143
INDIGO,,16.742807073749454,asset_turnover,,,317.62857142857143
INDIGO,,16.742807073749454,asset_turnover,,,317.62857142857143
INDIGO,,16.742807073749454,asset_turnover,,,317.62857142857143
INDIGO,,16.742807073749454,asset_turnover,,,317.62857142857143
INDIGO,,11.983140266841678,asset_turnover,,,228.27868852459017
INDIGO,,11.983140266841678,asset_turnover,,,228.27868852459017
INDIGO,,11.983140266841678,asset_turnover,,,228.27868852459017
INDIGO,,11.983140266841678,asset_turnover,,,228.27868852459017
INDIGO,,11.983140266841678,asset_turnover,,,228.27868852459017
INDIGO,,11.983140266841678,asset_turnover,,,228.27868852459017
INDIGO,,11.983140266841678,asset_turnover,,,228.27868852459017
INDIGO,,11.983140266841678,asset_turnover,,,228.27868852459017
INDIGO,,11.983140266841678,asset_turnover,,,228.27868852459017
INDIGO,,11.983140266841678,asset_turnover,,,228.27868852459017
INDIGO,,11.983140266841678,asset_turnover,,,228.27868852459017
INDIGO,,11.983140266841678,asset_turnover,,,228.27868852459017
INDIGO,,4.209358334736668,asset_turnover,,,82.34693877551021
INDIGO,,4.209358334736668,asset_turnover,,,82.34693877551021
INDIGO,,4.209358334736668,asset_turnover,,,82.34693877551021
INDIGO,,4.209358334736668,asset_turnover,,,82.34693877551021
INDIGO,,4.209358334736668,asset_turnover,,,82.34693877551021
INDIGO,,4.209358334736668,asset_turnover,,,82.34693877551021
INDIGO,,4.209358334736668,asset_turnover,,,82.34693877551021
INDIGO,,4.209358334736668,asset_turnover,,,82.34693877551021
INDIGO,,4.209358334736668,asset_turnover,,,82.34693877551021
INDIGO,,4.209358334736668,asset_turnover,,,82.34693877551021
INDIGO,,4.209358334736668,asset_turnover,,,82.34693877551021
INDIGO,,4.209358334736668,asset_turnover,,,82.34693877551021
INDIGO,,3.846137830237133,asset_turnover,,,75.52845528455285
INDIGO,,3.846137830237133,asset_turnover,,,75.52845528455285
INDIGO,,3.846137830237133,asset_turnover,,,75.52845528455285
INDIGO,,3.846137830237133,asset_turnover,,,75.52845528455285
INDIGO,,3.846137830237133,asset_turnover,,,75.52845528455285
INDIGO,,3.846137830237133,asset_turnover,,,75.52845528455285
INDIGO,,3.846137830237133,asset_turnover,,,75.52845528455285
INDIGO,,3.846137830237133,asset_turnover,,,75.52845528455285
INDIGO,,3.846137830237133,asset_turnover,,,75.52845528455285
INDIGO,,3.846137830237133,asset_turnover,,,75.52845528455285
INDIGO,,3.846137830237133,asset_turnover,,,75.52845528455285
INDIGO,,3.846137830237133,asset_turnover,,,75.52845528455285
INDIGO,,4.218180165116489,asset_turnover,,,82.51254480286738
INDIGO,,4.218180165116489,asset_turnover,,,82.51254480286738
INDIGO,,4.218180165116489,asset_turnover,,,82.51254480286738
INDIGO,,4.218180165116489,asset_turnover,,,82.51254480286738
INDIGO,,4.218180165116489,asset_turnover,,,82.51254480286738
INDIGO,,4.218180165116489,asset_turnover,,,82.51254480286738
INDIGO,,4.218180165116489,asset_turnover,,,82.51254480286738
INDIGO,,4.218180165116489,asset_turnover,,,82.51254480286738
INDIGO,,4.218180165116489,asset_turnover,,,82.51254480286738
INDIGO,,4.218180165116489,asset_turnover,,,82.51254480286738
INDIGO,,4.218180165116489,asset_turnover,,,82.51254480286738
INDIGO,,4.218180165116489,asset_turnover,,,82.51254480286738
INDIGO,,3.892536440038785,asset_turnover,,,76.39946380697052
INDIGO,,3.892536440038785,asset_turnover,,,76.39946380697052
INDIGO,,3.892536440038785,asset_turnover,,,76.39946380697052
INDIGO,,3.892536440038785,asset_turnover,,,76.39946380697052
INDIGO,,3.892536440038785,asset_turnover,,,76.39946380697052
INDIGO,,3.892536440038785,asset_turnover,,,76.39946380697052
INDIGO,,3.892536440038785,asset_turnover,,,76.39946380697052
INDIGO,,3.892536440038785,asset_turnover,,,76.39946380697052
INDIGO,,3.892536440038785,asset_turnover,,,76.39946380697052
INDIGO,,3.892536440038785,asset_turnover,,,76.39946380697052
INDIGO,,3.892536440038785,asset_turnover,,,76.39946380697052
INDIGO,,3.892536440038785,asset_turnover,,,76.39946380697052
INDIGO,,4.3362963934171,asset_turnover,,,84.72985781990522
INDIGO,,4.3362963934171,asset_turnover,,,84.72985781990522
INDIGO,,4.3362963934171,asset_turnover,,,84.72985781990522
INDIGO,,4.3362963934171,asset_turnover,,,84.72985781990522
INDIGO,,4.3362963934171,asset_turnover,,,84.72985781990522
INDIGO,,4.3362963934171,asset_turnover,,,84.72985781990522
INDIGO,,4.3362963934171,asset_turnover,,,84.72985781990522
INDIGO,,4.3362963934171,asset_turnover,,,84.72985781990522
INDIGO,,4.3362963934171,asset_turnover,,,84.72985781990522
INDIGO,,4.3362963934171,asset_turnover,,,84.72985781990522
INDIGO,,4.3362963934171,asset_turnover,,,84.72985781990522
INDIGO,,4.3362963934171,asset_turnover,,,84.72985781990522
