company_id,cluster_id,cluster_name,distance_from_centroid
INDIGO,4,Distressed / Turnaround,3.678110279416886
ZYDUSLIFE,2,Value Picks,0.4334396071712518
TATAMOTORS,2,Value Picks,0.29456228513117155
TATACONSUM,2,Value Picks,0.10402422272896139
SUNPHARMA,2,Value Picks,0.40826869887851736
SIEMENS,2,Value Picks,0.17211266684482812
SHRIRAMFIN,0,High Quality Compounders,0.732038367757451
SHREECEM,2,Value Picks,0.24061856922018293
SBILIFE,2,Value Picks,0.6287939028166835
RELIANCE,2,Value Picks,0.08504108190957912
RECLTD,4,Distressed / Turnaround,1.9403275341842559
TATAPOWER,2,Value Picks,0.40860375797471865
POWERGRID,4,Distressed / Turnaround,0.3424098469012006
PNB,2,Value Picks,1.244304813779441
PIDILITIND,2,Value Picks,0.23988588518321172
PFC,3,Cyclical Businesses,0.43570086902158944
TATASTEEL,2,Value Picks,0.30753438259919663
ONGC,2,Value Picks,0.038061147305991985
NTPC,0,High Quality Compounders,0.3110118415690921
NHPC,0,High Quality Compounders,0.635548922442381
NESTLEIND,2,Value Picks,0.3431655034554601
NAUKRI,2,Value Picks,0.4595557278080977
MOTHERSON,2,Value Picks,0.2844978989521009
MARUTI,2,Value Picks,0.194906006043395
TCS,2,Value Picks,0.40172716497713223
M&M,2,Value Picks,0.4032692951611403
LTIM,2,Value Picks,0.12685469076215225
LT,2,Value Picks,0.48891100472074883
LODHA,2,Value Picks,0.35270282087848315
LICI,2,Value Picks,0.49988808146782837
KOTAKBANK,4,Distressed / Turnaround,1.0788933811076002
JSWSTEEL,2,Value Picks,0.23133567267444408
TECHM,2,Value Picks,0.3158663460982607
JSWENERGY,0,High Quality Compounders,0.4291576032226111
JIOFIN,4,Distressed / Turnaround,0.4451673763278828
JINDALSTEL,2,Value Picks,0.14555056998801924
ITC,0,High Quality Compounders,0.6487017119362725
IRFC,3,Cyclical Businesses,1.9412767798653112
IRCTC,0,High Quality Compounders,0.6460507287602969
IOC,2,Value Picks,0.27097991931287174
TITAN,2,Value Picks,0.4651733817473818
INFY,2,Value Picks,0.2924217273461832
INDUSINDBK,3,Cyclical Businesses,0.7709600694609918
ICICIPRULI,4,Distressed / Turnaround,0.7140446781967801
ICICIGI,4,Distressed / Turnaround,0.42087456891304903
ICICIBANK,3,Cyclical Businesses,1.0020993600785517
HINDUNILVR,4,Distressed / Turnaround,0.5349254939715214
HINDALCO,4,Distressed / Turnaround,0.30440987956158855
HEROMOTOCO,4,Distressed / Turnaround,0.3641287069980456
TORNTPHARM,0,High Quality Compounders,0.4852957054107945
HDFCLIFE,4,Distressed / Turnaround,0.6418930255652029
HDFCBANK,3,Cyclical Businesses,0.8811334710594013
HCLTECH,2,Value Picks,0.237581592034514
HAVELLS,2,Value Picks,0.2753052726519388
HAL,1,Growth Leaders,2.058265364031507
GRASIM,2,Value Picks,0.403441325547419
TVSMOTOR,0,High Quality Compounders,1.033157147275779
TRENT,2,Value Picks,0.05199871191090246
GODREJCP,2,Value Picks,0.18434836864465115
GAIL,2,Value Picks,0.222436463278522
EICHERMOT,2,Value Picks,0.38741870021738223
DRREDDY,2,Value Picks,0.45798403455166947
DMART,2,Value Picks,0.3538186419353112
DLF,0,High Quality Compounders,0.6183336626899545
DIVISLAB,2,Value Picks,0.46092092137712803
ULTRACEMCO,2,Value Picks,0.11229196128988185
DABUR,2,Value Picks,0.14820022114859008
COALINDIA,4,Distressed / Turnaround,0.8301016421532715
CIPLA,4,Distressed / Turnaround,0.556374258267146
CHOLAFIN,3,Cyclical Businesses,1.0108589626908955
CANBK,3,Cyclical Businesses,1.979748054517925
BRITANNIA,2,Value Picks,0.11644774485219542
BPCL,2,Value Picks,0.2761264273337411
BOSCHLTD,2,Value Picks,0.2095871647765527
UNIONBANK,3,Cyclical Businesses,2.0585789289597574
BHEL,2,Value Picks,0.5087914442536086
BEL,1,Growth Leaders,2.0582653640315067
BHARTIARTL,0,High Quality Compounders,0.6423527967643894
BANKBARODA,3,Cyclical Businesses,1.1260569811193686
BAJFINANCE,0,High Quality Compounders,0.6745481996602796
BAJAJHLDNG,4,Distressed / Turnaround,0.4808332234806066
BAJAJFINSV,0,High Quality Compounders,0.9480345989287501
AXISBANK,3,Cyclical Businesses,0.539461397194822
UNITDSPR,2,Value Picks,0.1426745245445179
BAJAJ-AUTO,2,Value Picks,0.16927469535033343
ASIANPAINT,2,Value Picks,0.2091772404574067
APOLLOHOSP,2,Value Picks,0.18328268659055622
AMBUJACEM,2,Value Picks,0.1815056773639315
WIPRO,2,Value Picks,0.1120554302009412
VEDL,0,High Quality Compounders,0.5239606759667808
ADANIPOWER,0,High Quality Compounders,0.3840878527137525
ADANIPORTS,0,High Quality Compounders,0.8980143005463908
ADANIGREEN,3,Cyclical Businesses,1.4200658745935435
ADANIENT,2,Value Picks,0.4465286082286447
ZOMATO,2,Value Picks,0.6197405313520287
ADANIENSOL,0,High Quality Compounders,0.33467883958971234
ABB,2,Value Picks,0.3411495844015743
