company_id,company_name,sector,pe_ratio,pb_ratio,ev_ebitda,fcf_yield_pct,median_pe_5yr,pe_vs_sector_pct,flag
ABB,Abbott India Ltd,Unknown,0.0008326394671107411,0,0,39850.0,450.0,0.08324303102546296,Caution
ADANIENSOL,Adani Energy Solutions Ltd,Energy,0.0008361204013377926,0,0,54750.0,706.0,0.08360801856991258,Caution
ADANIENT,Adani Enterprises Ltd,Unknown,164.9175412293853,0,0,-1.537269932236487,1043.0,16487.611437442145,Caution
ADANIGREEN,Adani Green Energy Ltd,Energy,0.0007936507936507937,0,0,-667350.0,67.5,0.07936126207112337,Caution
ADANIPORTS,"Adani Ports & Special Economic Zone Ltd
",Unknown,0.00012339585389930897,0,0,412500.0,3843.5,0.012336485718358959,Discount
AMBUJACEM,Ambuja Cements Ltd,Cement,0.00021105951878429716,0,0,-164750.0,1945.0,0.021097595995747384,Discount
APOLLOHOSP,"Apollo Hospitals
Chain of Indian private hospitals",Unknown,0.0010695187165775401,0,0,19150.0,309.0,0.10692500562735938,Caution
ATGL,Adani Total Gas Ltd,Unknown,0.0014970059880239522,0,0,0.0,463.0,0.1496629944035644,Caution
BAJAJ-AUTO,Bajaj Auto Ltd,Auto,4.022364345762439e-05,0,0,324300.0,6403.0,0.004020500872583679,Discount
BAJAJFINSV,Bajaj Finserv Ltd,Unknown,6.412311638345624e-05,0,0,-3981700.0,4775.0,0.006410700882435461,Discount
BAJAJHLDNG,Bajaj Holdings & Investment Ltd,Unknown,0.00013577732518669383,0,0,73450.0,2851.5,0.013574321827777461,Discount
BAJFINANCE,Bajaj Finance Ltd,Finance,31.139713514635666,0,0,-17.762404972433394,4207.5,3112.6945540932584,Caution
BANKBARODA,Bank of Baroda,Banking,5.2996979172187185e-05,0,0,-377950.0,2902.5,0.0052990297643526725,Discount
BHARTIARTL,Bharti Airtel Ltd,Unknown,188.20577164366375,0,0,3.7078617228510367,1674.0,18815.84948461374,Caution
BEL,Bharat Electronics Ltd,Unknown,0.00011684973124561814,0,0,-63250.0,3630.0,0.011682037889878594,Discount
BHEL,"Bharat Heavy Electricals Limited
",Unknown,0.0035460992907801418,0,0,-119100.0,450.0,0.35452085199142197,Caution
BOSCHLTD,Bosch Ltd,Unknown,0.00040160642570281126,0,0,76800.0,1354.5,0.04015055432192008,Caution
BPCL,Bharat Petroleum Corporation Ltd,Unknown,3.723146803678469e-05,0,0,1270750.0,8308.5,0.0037222115589404304,Discount
BRITANNIA,Britannia Industries Ltd,Unknown,0.00046860356138706655,0,0,152500.0,1079.5,0.046848584939822406,Caution
CANBK,Canara Bank,Banking,6.49308486461918e-05,0,0,664800.0,2801.5,0.006492266256968416,Discount
COALINDIA,Coal India Ltd,Unknown,2.676014878642725e-05,0,0,680850.0,15906.0,0.002675342670705157,Discount
DABUR,Dabur India Ltd,Unknown,0.0005521811154058532,0,0,52100.0,1402.0,0.05520424089540642,Caution
DIVISLAB,Divis Laboratories Ltd,Pharma,0.000625,0,0,49600.0,1239.5,0.062479570468273536,Caution
DMART,Avenue Supermarts Ltd,Unknown,0.0003943217665615142,0,0,13900.0,854.0,0.039422271396522476,Caution
DRREDDY,Dr Reddys Laboratories Ltd,Pharma,0.00017927572606669058,0,0,25450.0,1994.5,0.01792171257605552,Discount
EICHERMOT,Eicher Motors Ltd,Auto,0.00024993751562109475,0,0,44500.0,1672.0,0.02498217250519941,Discount
GAIL,GAIL (India) Ltd,Unknown,0.00010097950116126426,0,0,218000.0,5200.5,0.010095413537471575,Discount
GODREJCP,Godrej Consumer Products Ltd,FMCG,-0.0017825311942959,0,0,-68250.0,1402.5,-0.1782351786672359,Discount
GRASIM,Grasim Industries Ltd,Unknown,0.00010074551682450131,0,0,-1691650.0,4012.0,0.010072020981420614,Discount
HAVELLS,Havells India Ltd,Unknown,0.0007867820613690008,0,0,16750.0,761.5,0.07865844237732574,Caution
HDFCBANK,HDFC Bank Ltd,Banking,13.751795373284846,0,0,3.9632178186468683,20503.5,1375.0061632676334,Caution
HDFCLIFE,HDFC Life Insurance Company Ltd,Unknown,0.0006353240152477764,0,0,-144650.0,1192.5,0.06351644235170331,Caution
HINDALCO,Hindalco Industries Ltd,Unknown,9.847365829640571e-05,0,0,489450.0,3625.0,0.009844892197103005,Discount
ICICIBANK,ICICI Bank Ltd,Banking,18.44578025650485,0,0,1.47611591045187,11508.5,1844.345472755257,Caution
ICICIGI,ICICI Lombard General Insurance Company Ltd,Unknown,0.0005211047420531526,0,0,24300.0,955.5,0.05209738419050599,Caution
ICICIPRULI,ICICI Prudential Life Insurance Company Ltd,Unknown,0.0011750881316098707,0,0,5250.0,1327.0,0.11747929525450176,Caution
INFY,Infosys Ltd,IT,78.2122905027933,0,0,2.8738530373528035,3084.5,7820.765437023879,Caution
IRFC,Indian Railway Finance Corporation Ltd,Finance,2.316906466485948e-05,0,0,395300.0,411.0,0.002315956483409749,Discount
ITC,"ITC Ltd
",Unknown,0.00015595757953836556,0,0,937100.0,2155.0,0.015591840340234094,Discount
JSWENERGY,JSW Energy Ltd,Energy,0.00016826518593303046,0,0,-98150.0,-184.5,0.01682570927302969,Caution
JSWSTEEL,JSW Steel Ltd,Unknown,0.0005797101449275362,0,0,-119450.0,991.0,0.05795645232555421,Caution
LT,Larsen & Toubro Ltd,Unknown,257.4002574002574,0,0,5.111237221906945,722.5,25733.559912890858,Caution
LTIM,LTIMindtree Ltd,Unknown,6.432109088570143e-05,0,0,87600.0,9110.5,0.00643049335959227,Discount
MARUTI,Maruti Suzuki India Ltd,Unknown,24.449877750611247,0,0,1.64532784890717,4641.5,2444.3736005276533,Caution
MOTHERSON,Samvardhana Motherson International Ltd,Unknown,7.41399762752076e-05,0,0,46250.0,5587.5,0.0074121352507103356,Discount
NESTLEIND,Nestle India Ltd,Unknown,0.0016806722689075631,0,0,146900.0,97.0,0.1680250088429933,Caution
PFC,Power Finance Corporation Ltd,Energy,1.7512828146617398e-05,0,0,-5061450.0,26366.5,0.001751198581629314,Discount
PIDILITIND,Pidilite Industries Ltd,Unknown,3.779146668682211e-05,0,0,47750.0,9137.0,0.0037781973569245685,Discount
PNB,Punjab National Bank,Banking,0.0005724098454493417,0,0,-1472250.0,1223.0,0.05723376795854068,Caution
POWERGRID,Power Grid Corporation of India Ltd,Energy,0.00010920607185759528,0,0,1208800.0,5046.0,0.010920081927445173,Caution
RECLTD,REC Ltd,Unknown,6.421370320426378e-05,0,0,-2977700.0,13728.0,0.006419757288998973,Discount
RELIANCE,"Reliance Industries Ltd
",Unknown,7.069635913750442e-05,0,0,2260350.0,5716.0,0.007067860039701733,Discount
SBILIFE,SBI Life Insurance Company Ltd,Unknown,1.2655024044545685e-05,0,0,-104950.0,37958.5,0.0012651845135608834,Discount
SIEMENS,Siemens Ltd,Unknown,0.00013515339910798757,0,0,0.0,2505.5,0.013511944892766727,Discount
TATAMOTORS,Tata Motors Ltd,Auto,0.0008230452674897119,0,0,2256650.0,485.0,0.0822663968669159,Caution
TATAPOWER,"Tata Power Company Ltd
",Energy,3.143962020938787e-05,0,0,178450.0,8324.0,0.00314381080295581,Discount
TCS,Tata Consultancy Services Ltd,Unknown,-244.39918533604887,0,0,4.202413164655696,2419.5,-24433.77928999943,Discount
TECHM,Tech Mahindra Ltd,IT,2.1692444521573137e-05,0,0,252900.0,8931.0,0.002169115867445644,Discount
TITAN,"Titan Company Ltd
",Unknown,0.00041718815185648727,0,0,75300.0,4321.0,0.04170833552840259,Caution
TRENT,Trent Ltd,Unknown,0.0006038647342995169,0,0,42050.0,855.5,0.06037130450578563,Caution
ULTRACEMCO,,Unknown,0.0005621135469364812,0,0,105450.0,,0.056197234548387306,Caution
INDIGO,Interglobe Aviation Ltd,Unknown,7.247952453431905e-05,0,0,471200.0,1729.0,0.00724613178673487,Discount
IRCTC,Indian Railway Catering & Tourism Corporation Ltd,Unknown,3.886966999650173e-05,0,0,14100.0,14843.5,0.003885990603707428,Discount
LICI,Life Insurance Corporation of India,Unknown,0.00015979546180888463,0,0,0.0,3314.5,0.01597553216068728,Discount
JIOFIN,Jio Financial Services Ltd,Unknown,0.0005274261603375527,0,0,0.0,2424.0,0.05272936722657225,Caution
