company_id,year,cfo_sign,cfi_sign,cff_sign,capital_pattern
ABB,Dec 2012,+,-,-,REINVESTOR
ABB,Mar 2014,+,-,-,REINVESTOR
ABB,Mar 2014,-,-,-,PRE_REVENUE
ABB,Mar 2015,+,-,-,REINVESTOR
ABB,Mar 2015,-,-,+,DEBT_FUNDED_GROWTH
ABB,Mar 2016,+,-,-,REINVESTOR
ABB,Mar 2016,+,-,-,REINVESTOR
ABB,Mar 2017,+,-,-,REINVESTOR
ABB,Mar 2017,+,-,-,REINVESTOR
ABB,Mar 2018,+,-,-,REINVESTOR
ABB,Mar 2018,+,-,+,MIXED
ABB,Mar 2019,+,-,-,REINVESTOR
ABB,Mar 2019,+,-,+,MIXED
ABB,Mar 2020,+,-,-,REINVESTOR
ABB,Mar 2020,+,-,+,MIXED
ABB,Mar 2021,+,-,-,REINVESTOR
ABB,Mar 2021,+,-,-,REINVESTOR
ABB,Mar 2022,+,-,-,REINVESTOR
ABB,Mar 2022,+,-,-,REINVESTOR
ABB,Mar 2023,+,-,-,REINVESTOR
ABB,Mar 2023,+,-,+,MIXED
ABB,Mar 2024,+,-,-,REINVESTOR
ABB,Mar 2024,+,-,-,REINVESTOR
ADANIENSOL,Mar 2014,-,-,-,PRE_REVENUE
ADANIENSOL,Mar 2015,-,-,+,DEBT_FUNDED_GROWTH
ADANIENSOL,Mar 2016,+,-,-,REINVESTOR
ADANIENSOL,Mar 2017,+,-,-,REINVESTOR
ADANIENSOL,Mar 2018,+,-,+,MIXED
ADANIENSOL,Mar 2019,+,-,+,MIXED
ADANIENSOL,Mar 2020,+,-,+,MIXED
ADANIENSOL,Mar 2021,+,-,-,REINVESTOR
ADANIENSOL,Mar 2022,+,-,-,REINVESTOR
ADANIENSOL,Mar 2023,+,-,+,MIXED
ADANIENSOL,Mar 2024,+,-,-,REINVESTOR
ADANIENT,Mar 2013,+,-,+,MIXED
ADANIENT,Mar 2014,+,-,-,REINVESTOR
ADANIENT,Mar 2015,+,-,+,MIXED
ADANIENT,Mar 2016,+,-,-,REINVESTOR
ADANIENT,Mar 2017,+,-,+,MIXED
ADANIENT,Mar 2018,+,-,+,MIXED
ADANIENT,Mar 2019,+,+,-,LIQUIDATING_ASSETS
ADANIENT,Mar 2020,+,-,-,REINVESTOR
ADANIENT,Mar 2021,+,-,+,MIXED
ADANIENT,Mar 2022,+,-,+,MIXED
ADANIENT,Mar 2023,+,-,-,REINVESTOR
ADANIENT,Mar 2024,+,-,+,MIXED
ADANIGREEN,Mar 2017,+,-,+,MIXED
ADANIGREEN,Mar 2018,+,-,+,MIXED
ADANIGREEN,Mar 2019,+,-,+,MIXED
ADANIGREEN,Mar 2020,+,-,+,MIXED
ADANIGREEN,Mar 2021,+,-,+,MIXED
ADANIGREEN,Mar 2022,+,-,+,MIXED
ADANIGREEN,Mar 2023,+,-,-,REINVESTOR
ADANIGREEN,Mar 2024,+,-,+,MIXED
ADANIPORTS,Mar 2013,+,-,+,MIXED
ADANIPORTS,Mar 2013,+,-,+,MIXED
ADANIPORTS,Mar 2014,+,-,+,MIXED
ADANIPORTS,Mar 2014,+,-,+,MIXED
ADANIPORTS,Mar 2015,+,-,-,REINVESTOR
ADANIPORTS,Mar 2015,+,-,-,REINVESTOR
ADANIPORTS,Mar 2016,+,-,+,MIXED
ADANIPORTS,Mar 2016,+,-,+,MIXED
ADANIPORTS,Mar 2017,+,-,-,REINVESTOR
ADANIPORTS,Mar 2017,+,-,-,REINVESTOR
ADANIPORTS,Mar 2018,+,-,-,REINVESTOR
ADANIPORTS,Mar 2018,+,-,-,REINVESTOR
ADANIPORTS,Mar 2019,+,-,+,MIXED
ADANIPORTS,Mar 2019,+,-,+,MIXED
ADANIPORTS,Mar 2020,+,-,-,REINVESTOR
ADANIPORTS,Mar 2020,+,-,-,REINVESTOR
ADANIPORTS,Mar 2021,+,-,+,MIXED
ADANIPORTS,Mar 2021,+,-,+,MIXED
ADANIPORTS,Mar 2022,+,-,-,REINVESTOR
ADANIPORTS,Mar 2022,+,-,-,REINVESTOR
ADANIPORTS,Mar 2023,+,-,-,REINVESTOR
ADANIPORTS,Mar 2023,+,-,-,REINVESTOR
ADANIPORTS,Mar 2024,+,-,-,REINVESTOR
ADANIPORTS,Mar 2024,+,-,-,REINVESTOR
ADANIPOWER,Mar 2013,+,-,+,MIXED
ADANIPOWER,Mar 2014,+,-,+,MIXED
ADANIPOWER,Mar 2015,+,-,-,REINVESTOR
ADANIPOWER,Mar 2016,+,-,-,REINVESTOR
ADANIPOWER,Mar 2017,+,-,-,REINVESTOR
ADANIPOWER,Mar 2018,+,-,-,REINVESTOR
ADANIPOWER,Mar 2019,+,-,-,REINVESTOR
ADANIPOWER,Mar 2020,+,-,-,REINVESTOR
ADANIPOWER,Mar 2021,+,-,-,REINVESTOR
ADANIPOWER,Mar 2022,+,+,-,LIQUIDATING_ASSETS
ADANIPOWER,Mar 2023,+,+,-,LIQUIDATING_ASSETS
ADANIPOWER,Mar 2024,+,+,-,LIQUIDATING_ASSETS
AMBUJACEM,Dec 2012,+,-,-,REINVESTOR
AMBUJACEM,Dec 2013,+,-,-,REINVESTOR
AMBUJACEM,Dec 2014,+,-,-,REINVESTOR
AMBUJACEM,Dec 2015,+,-,-,REINVESTOR
AMBUJACEM,Dec 2016,+,-,-,REINVESTOR
AMBUJACEM,Dec 2017,+,-,-,REINVESTOR
AMBUJACEM,Dec 2018,+,-,-,REINVESTOR
AMBUJACEM,Dec 2019,+,-,-,REINVESTOR
AMBUJACEM,Dec 2020,+,-,-,REINVESTOR
AMBUJACEM,Dec 2021,+,-,-,REINVESTOR
AMBUJACEM,Mar 2024,+,-,+,MIXED
APOLLOHOSP,Mar 2013,+,-,+,MIXED
APOLLOHOSP,Mar 2014,+,-,-,REINVESTOR
APOLLOHOSP,Mar 2015,+,-,+,MIXED
APOLLOHOSP,Mar 2016,+,-,+,MIXED
APOLLOHOSP,Mar 2017,+,-,+,MIXED
APOLLOHOSP,Mar 2018,+,-,-,REINVESTOR
APOLLOHOSP,Mar 2019,+,-,-,REINVESTOR
APOLLOHOSP,Mar 2020,+,-,-,REINVESTOR
APOLLOHOSP,Mar 2021,+,-,-,REINVESTOR
APOLLOHOSP,Mar 2022,+,-,-,REINVESTOR
APOLLOHOSP,Mar 2023,+,-,-,REINVESTOR
APOLLOHOSP,Mar 2024,+,-,-,REINVESTOR
ASIANPAINT,Mar 2013,+,-,-,REINVESTOR
ASIANPAINT,Mar 2013,+,-,-,REINVESTOR
ASIANPAINT,Mar 2014,+,-,-,REINVESTOR
ASIANPAINT,Mar 2014,+,-,-,REINVESTOR
ASIANPAINT,Mar 2015,+,-,-,REINVESTOR
ASIANPAINT,Mar 2015,+,-,-,REINVESTOR
ASIANPAINT,Mar 2016,+,-,-,REINVESTOR
ASIANPAINT,Mar 2016,+,-,-,REINVESTOR
ASIANPAINT,Mar 2017,+,-,-,REINVESTOR
ASIANPAINT,Mar 2017,+,-,-,REINVESTOR
ASIANPAINT,Mar 2018,+,-,-,REINVESTOR
ASIANPAINT,Mar 2018,+,-,-,REINVESTOR
ASIANPAINT,Mar 2019,+,-,-,REINVESTOR
ASIANPAINT,Mar 2019,+,-,-,REINVESTOR
ASIANPAINT,Mar 2020,+,-,-,REINVESTOR
ASIANPAINT,Mar 2020,+,-,-,REINVESTOR
ASIANPAINT,Mar 2021,+,-,-,REINVESTOR
ASIANPAINT,Mar 2021,+,-,-,REINVESTOR
ASIANPAINT,Mar 2022,+,-,-,REINVESTOR
ASIANPAINT,Mar 2022,+,-,-,REINVESTOR
ASIANPAINT,Mar 2023,+,-,-,REINVESTOR
ASIANPAINT,Mar 2023,+,-,-,REINVESTOR
ASIANPAINT,Mar 2024,+,-,-,REINVESTOR
ASIANPAINT,Mar 2024,+,-,-,REINVESTOR
ATGL,Mar 2018,-,-,-,PRE_REVENUE
ATGL,Mar 2019,-,-,-,PRE_REVENUE
ATGL,Mar 2020,-,-,-,PRE_REVENUE
ATGL,Mar 2021,-,-,-,PRE_REVENUE
ATGL,Mar 2022,-,-,-,PRE_REVENUE
ATGL,Mar 2023,-,-,-,PRE_REVENUE
ATGL,Mar 2024,-,-,-,PRE_REVENUE
BAJAJ-AUTO,Mar 2013,+,-,-,REINVESTOR
BAJAJ-AUTO,Mar 2013,+,-,-,REINVESTOR
BAJAJ-AUTO,Mar 2014,+,-,-,REINVESTOR
BAJAJ-AUTO,Mar 2014,+,-,-,REINVESTOR
BAJAJ-AUTO,Mar 2015,+,-,-,REINVESTOR
BAJAJ-AUTO,Mar 2015,+,-,-,REINVESTOR
BAJAJ-AUTO,Mar 2016,+,-,-,REINVESTOR
BAJAJ-AUTO,Mar 2016,+,-,-,REINVESTOR
BAJAJ-AUTO,Mar 2017,+,-,-,REINVESTOR
BAJAJ-AUTO,Mar 2017,+,-,-,REINVESTOR
BAJAJ-AUTO,Mar 2018,+,-,-,REINVESTOR
BAJAJ-AUTO,Mar 2018,+,-,-,REINVESTOR
BAJAJ-AUTO,Mar 2019,+,-,-,REINVESTOR
BAJAJ-AUTO,Mar 2019,+,-,-,REINVESTOR
BAJAJ-AUTO,Mar 2020,+,+,-,LIQUIDATING_ASSETS
BAJAJ-AUTO,Mar 2020,+,+,-,LIQUIDATING_ASSETS
BAJAJ-AUTO,Mar 2021,+,-,-,REINVESTOR
BAJAJ-AUTO,Mar 2021,+,-,-,REINVESTOR
BAJAJ-AUTO,Mar 2022,+,+,-,LIQUIDATING_ASSETS
BAJAJ-AUTO,Mar 2022,+,+,-,LIQUIDATING_ASSETS
BAJAJ-AUTO,Mar 2023,+,+,-,LIQUIDATING_ASSETS
BAJAJ-AUTO,Mar 2023,+,+,-,LIQUIDATING_ASSETS
BAJAJ-AUTO,Mar 2024,+,-,-,REINVESTOR
BAJAJ-AUTO,Mar 2024,+,-,-,REINVESTOR
AXISBANK,Mar 2013,+,-,+,MIXED
AXISBANK,Mar 2014,+,-,+,MIXED
AXISBANK,Mar 2015,-,-,+,DEBT_FUNDED_GROWTH
AXISBANK,Mar 2016,-,+,+,DISTRESS
AXISBANK,Mar 2017,+,-,-,REINVESTOR
AXISBANK,Mar 2018,-,-,+,DEBT_FUNDED_GROWTH
AXISBANK,Mar 2019,+,-,+,MIXED
AXISBANK,Mar 2020,+,-,+,MIXED
AXISBANK,Mar 2021,+,-,+,MIXED
AXISBANK,Mar 2022,+,-,+,MIXED
AXISBANK,Mar 2023,+,-,+,MIXED
AXISBANK,Mar 2024,-,-,+,DEBT_FUNDED_GROWTH
BAJAJFINSV,Mar 2013,-,+,+,DISTRESS
BAJAJFINSV,Mar 2014,-,+,+,DISTRESS
BAJAJFINSV,Mar 2015,-,+,+,DISTRESS
BAJAJFINSV,Mar 2016,-,-,+,DEBT_FUNDED_GROWTH
BAJAJFINSV,Mar 2017,-,+,+,DISTRESS
BAJAJFINSV,Mar 2018,-,-,+,DEBT_FUNDED_GROWTH
BAJAJFINSV,Mar 2019,-,-,+,DEBT_FUNDED_GROWTH
BAJAJFINSV,Mar 2020,-,-,+,DEBT_FUNDED_GROWTH
BAJAJFINSV,Mar 2021,+,-,+,MIXED
BAJAJFINSV,Mar 2022,-,+,+,DISTRESS
BAJAJFINSV,Mar 2023,-,-,+,DEBT_FUNDED_GROWTH
BAJAJFINSV,Mar 2024,-,-,+,DEBT_FUNDED_GROWTH
BAJAJHLDNG,Mar 2013,+,-,-,REINVESTOR
BAJAJHLDNG,Mar 2014,+,-,-,REINVESTOR
BAJAJHLDNG,Mar 2015,+,-,-,REINVESTOR
BAJAJHLDNG,Mar 2016,+,+,-,LIQUIDATING_ASSETS
BAJAJHLDNG,Mar 2017,-,-,-,PRE_REVENUE
BAJAJHLDNG,Mar 2018,+,-,-,REINVESTOR
BAJAJHLDNG,Mar 2019,+,-,-,REINVESTOR
BAJAJHLDNG,Mar 2020,+,-,-,REINVESTOR
BAJAJHLDNG,Mar 2021,+,-,-,REINVESTOR
BAJAJHLDNG,Mar 2022,+,-,-,REINVESTOR
BAJAJHLDNG,Mar 2023,+,-,-,REINVESTOR
BAJAJHLDNG,Mar 2024,+,-,-,REINVESTOR
BAJFINANCE,Mar 2015,-,-,+,DEBT_FUNDED_GROWTH
BAJFINANCE,Mar 2016,-,-,+,DEBT_FUNDED_GROWTH
BAJFINANCE,Mar 2017,-,-,+,DEBT_FUNDED_GROWTH
BAJFINANCE,Mar 2018,-,+,+,DISTRESS
BAJFINANCE,Mar 2019,-,-,+,DEBT_FUNDED_GROWTH
BAJFINANCE,Mar 2020,-,-,+,DEBT_FUNDED_GROWTH
BAJFINANCE,Mar 2021,-,-,+,DEBT_FUNDED_GROWTH
BAJFINANCE,Mar 2022,-,+,+,DISTRESS
BAJFINANCE,Mar 2023,-,-,+,DEBT_FUNDED_GROWTH
BAJFINANCE,Mar 2024,-,-,+,DEBT_FUNDED_GROWTH
BANKBARODA,Mar 2013,+,-,-,REINVESTOR
BANKBARODA,Mar 2014,+,-,+,MIXED
BANKBARODA,Mar 2015,+,-,-,REINVESTOR
BANKBARODA,Mar 2016,-,-,-,PRE_REVENUE
BANKBARODA,Mar 2017,+,-,-,REINVESTOR
BANKBARODA,Mar 2018,-,-,+,DEBT_FUNDED_GROWTH
BANKBARODA,Mar 2019,-,-,+,DEBT_FUNDED_GROWTH
BANKBARODA,Mar 2020,+,-,+,MIXED
BANKBARODA,Mar 2021,-,-,-,PRE_REVENUE
BANKBARODA,Mar 2022,+,-,-,REINVESTOR
BANKBARODA,Mar 2023,-,-,-,PRE_REVENUE
BANKBARODA,Mar 2024,-,-,+,DEBT_FUNDED_GROWTH
BHARTIARTL,Mar 2013,+,-,-,REINVESTOR
BHARTIARTL,Mar 2014,+,-,+,MIXED
BHARTIARTL,Mar 2015,+,-,-,REINVESTOR
BHARTIARTL,Mar 2016,+,-,-,REINVESTOR
BHARTIARTL,Mar 2017,+,-,-,REINVESTOR
BHARTIARTL,Mar 2018,+,-,+,MIXED
BHARTIARTL,Mar 2019,+,-,+,MIXED
BHARTIARTL,Mar 2020,+,-,+,MIXED
BHARTIARTL,Mar 2021,+,-,-,REINVESTOR
BHARTIARTL,Mar 2022,+,-,-,REINVESTOR
BHARTIARTL,Mar 2023,+,-,-,REINVESTOR
BHARTIARTL,Mar 2024,+,-,-,REINVESTOR
BEL,Mar 2013,-,+,-,OTHER
BEL,Mar 2014,-,+,-,OTHER
BEL,Mar 2015,+,-,-,REINVESTOR
BEL,Mar 2016,+,-,-,REINVESTOR
BEL,Mar 2017,-,+,-,OTHER
BEL,Mar 2018,-,-,-,PRE_REVENUE
BEL,Mar 2019,+,-,-,REINVESTOR
BEL,Mar 2020,+,-,-,REINVESTOR
BEL,Mar 2021,+,-,-,REINVESTOR
BEL,Mar 2022,+,-,-,REINVESTOR
BEL,Mar 2023,+,+,-,LIQUIDATING_ASSETS
BEL,Mar 2024,+,-,-,REINVESTOR
BHEL,Mar 2013,+,-,+,MIXED
BHEL,Mar 2014,+,-,+,MIXED
BHEL,Mar 2015,+,+,-,LIQUIDATING_ASSETS
BHEL,Mar 2016,+,+,-,LIQUIDATING_ASSETS
BHEL,Mar 2017,+,-,-,REINVESTOR
BHEL,Mar 2018,+,+,-,LIQUIDATING_ASSETS
BHEL,Mar 2019,-,+,-,OTHER
BHEL,Mar 2020,-,+,+,DISTRESS
BHEL,Mar 2021,+,-,-,REINVESTOR
BHEL,Mar 2022,+,-,-,REINVESTOR
BHEL,Mar 2023,-,+,+,DISTRESS
BHEL,Mar 2024,-,+,+,DISTRESS
BOSCHLTD,Dec 2012,+,-,-,REINVESTOR
BOSCHLTD,Dec 2013,+,-,-,REINVESTOR
BOSCHLTD,Mar 2015,+,-,-,REINVESTOR
BOSCHLTD,Mar 2016,+,-,-,REINVESTOR
BOSCHLTD,Mar 2017,+,+,-,LIQUIDATING_ASSETS
BOSCHLTD,Mar 2018,+,-,-,REINVESTOR
BOSCHLTD,Mar 2019,+,+,-,LIQUIDATING_ASSETS
BOSCHLTD,Mar 2020,+,-,-,REINVESTOR
BOSCHLTD,Mar 2021,+,-,-,REINVESTOR
BOSCHLTD,Mar 2022,+,-,-,REINVESTOR
BOSCHLTD,Mar 2023,+,+,-,LIQUIDATING_ASSETS
BOSCHLTD,Mar 2024,+,+,-,LIQUIDATING_ASSETS
BPCL,Mar 2013,+,-,-,REINVESTOR
BPCL,Mar 2014,+,-,-,REINVESTOR
BPCL,Mar 2015,+,-,-,REINVESTOR
BPCL,Mar 2016,+,-,-,REINVESTOR
BPCL,Mar 2017,+,-,+,MIXED
BPCL,Mar 2018,+,-,-,REINVESTOR
BPCL,Mar 2019,+,-,+,MIXED
BPCL,Mar 2020,+,-,+,MIXED
BPCL,Mar 2021,+,-,-,REINVESTOR
BPCL,Mar 2022,+,-,-,REINVESTOR
BPCL,Mar 2023,+,-,-,REINVESTOR
BPCL,Mar 2024,+,-,-,REINVESTOR
BRITANNIA,Mar 2013,+,+,-,LIQUIDATING_ASSETS
BRITANNIA,Mar 2014,+,-,-,REINVESTOR
BRITANNIA,Mar 2015,+,-,-,REINVESTOR
BRITANNIA,Mar 2016,+,-,-,REINVESTOR
BRITANNIA,Mar 2017,+,-,-,REINVESTOR
BRITANNIA,Mar 2018,+,-,-,REINVESTOR
BRITANNIA,Mar 2019,+,-,-,REINVESTOR
BRITANNIA,Mar 2020,+,-,+,MIXED
BRITANNIA,Mar 2021,+,+,-,LIQUIDATING_ASSETS
BRITANNIA,Mar 2022,+,+,-,LIQUIDATING_ASSETS
BRITANNIA,Mar 2023,+,-,-,REINVESTOR
BRITANNIA,Mar 2024,+,+,-,LIQUIDATING_ASSETS
CANBK,Mar 2013,+,-,-,REINVESTOR
CANBK,Mar 2014,+,-,-,REINVESTOR
CANBK,Mar 2015,+,-,-,REINVESTOR
CANBK,Mar 2016,+,-,-,REINVESTOR
CANBK,Mar 2017,+,-,+,MIXED
CANBK,Mar 2018,-,-,+,DEBT_FUNDED_GROWTH
CANBK,Mar 2019,+,-,-,REINVESTOR
CANBK,Mar 2020,-,-,+,DEBT_FUNDED_GROWTH
CANBK,Mar 2021,+,-,+,MIXED
CANBK,Mar 2022,+,-,+,MIXED
CANBK,Mar 2023,-,-,+,DEBT_FUNDED_GROWTH
CANBK,Mar 2024,+,-,-,REINVESTOR
CHOLAFIN,Mar 2013,-,+,+,DISTRESS
CHOLAFIN,Mar 2014,-,-,+,DEBT_FUNDED_GROWTH
CHOLAFIN,Mar 2015,-,-,+,DEBT_FUNDED_GROWTH
CHOLAFIN,Mar 2016,-,-,+,DEBT_FUNDED_GROWTH
CHOLAFIN,Mar 2017,-,-,+,DEBT_FUNDED_GROWTH
CHOLAFIN,Mar 2018,-,-,+,DEBT_FUNDED_GROWTH
CHOLAFIN,Mar 2019,-,-,+,DEBT_FUNDED_GROWTH
CHOLAFIN,Mar 2020,-,-,+,DEBT_FUNDED_GROWTH
CHOLAFIN,Mar 2021,-,-,+,DEBT_FUNDED_GROWTH
CHOLAFIN,Mar 2022,-,+,+,DISTRESS
CHOLAFIN,Mar 2023,-,-,+,DEBT_FUNDED_GROWTH
CHOLAFIN,Mar 2024,-,-,+,DEBT_FUNDED_GROWTH
CIPLA,Mar 2013,+,-,+,MIXED
CIPLA,Mar 2014,+,-,-,REINVESTOR
CIPLA,Mar 2015,+,-,+,MIXED
CIPLA,Mar 2016,+,-,+,MIXED
CIPLA,Mar 2017,+,-,-,REINVESTOR
CIPLA,Mar 2018,+,-,-,REINVESTOR
CIPLA,Mar 2019,+,-,-,REINVESTOR
CIPLA,Mar 2020,+,+,-,LIQUIDATING_ASSETS
CIPLA,Mar 2021,+,-,-,REINVESTOR
CIPLA,Mar 2022,+,-,-,REINVESTOR
CIPLA,Mar 2023,+,-,-,REINVESTOR
CIPLA,Mar 2024,+,-,-,REINVESTOR
COALINDIA,Mar 2013,+,-,-,REINVESTOR
COALINDIA,Mar 2014,+,+,-,LIQUIDATING_ASSETS
COALINDIA,Mar 2015,+,+,-,LIQUIDATING_ASSETS
COALINDIA,Mar 2016,+,+,-,LIQUIDATING_ASSETS
COALINDIA,Mar 2017,+,+,-,LIQUIDATING_ASSETS
COALINDIA,Mar 2018,+,-,-,REINVESTOR
COALINDIA,Mar 2019,+,-,-,REINVESTOR
COALINDIA,Mar 2020,+,+,-,LIQUIDATING_ASSETS
COALINDIA,Mar 2021,+,+,-,LIQUIDATING_ASSETS
COALINDIA,Mar 2022,+,-,-,REINVESTOR
COALINDIA,Mar 2023,+,-,-,REINVESTOR
COALINDIA,Mar 2024,+,-,-,REINVESTOR
DABUR,Mar 2013,+,-,-,REINVESTOR
DABUR,Mar 2014,+,-,-,REINVESTOR
DABUR,Mar 2015,+,-,-,REINVESTOR
DABUR,Mar 2016,+,-,-,REINVESTOR
DABUR,Mar 2017,+,-,-,REINVESTOR
DABUR,Mar 2018,+,-,-,REINVESTOR
DABUR,Mar 2019,+,+,-,LIQUIDATING_ASSETS
DABUR,Mar 2020,+,-,-,REINVESTOR
DABUR,Mar 2021,+,-,-,REINVESTOR
DABUR,Mar 2022,+,-,-,REINVESTOR
DABUR,Mar 2023,+,-,-,REINVESTOR
DABUR,Mar 2024,+,-,-,REINVESTOR
DIVISLAB,Mar 2013,+,-,-,REINVESTOR
DIVISLAB,Mar 2014,+,-,-,REINVESTOR
DIVISLAB,Mar 2015,+,-,-,REINVESTOR
DIVISLAB,Mar 2016,+,-,-,REINVESTOR
DIVISLAB,Mar 2017,+,-,+,MIXED
DIVISLAB,Mar 2018,+,-,-,REINVESTOR
DIVISLAB,Mar 2019,+,-,-,REINVESTOR
DIVISLAB,Mar 2020,+,-,-,REINVESTOR
DIVISLAB,Mar 2021,+,+,-,LIQUIDATING_ASSETS
DIVISLAB,Mar 2022,+,-,-,REINVESTOR
DIVISLAB,Mar 2023,+,-,-,REINVESTOR
DIVISLAB,Mar 2024,+,-,-,REINVESTOR
DLF,Mar 2013,+,+,-,LIQUIDATING_ASSETS
DLF,Mar 2014,+,+,-,LIQUIDATING_ASSETS
DLF,Mar 2015,+,+,-,LIQUIDATING_ASSETS
DLF,Mar 2016,+,-,-,REINVESTOR
DLF,Mar 2017,-,+,+,DISTRESS
DLF,Mar 2018,+,-,-,REINVESTOR
DLF,Mar 2019,+,+,+,CASH_ACCUMULATOR
DLF,Mar 2020,+,+,-,LIQUIDATING_ASSETS
DLF,Mar 2021,+,+,-,LIQUIDATING_ASSETS
DLF,Mar 2022,+,+,-,LIQUIDATING_ASSETS
DLF,Mar 2023,+,-,-,REINVESTOR
DLF,Mar 2024,+,-,+,MIXED
DMART,Mar 2013,+,-,+,MIXED
DMART,Mar 2014,+,-,+,MIXED
DMART,Mar 2015,+,-,+,MIXED
DMART,Mar 2016,+,-,+,MIXED
DMART,Mar 2017,+,-,+,MIXED
DMART,Mar 2018,+,+,-,LIQUIDATING_ASSETS
DMART,Mar 2019,+,-,+,MIXED
DMART,Mar 2020,+,-,+,MIXED
DMART,Mar 2021,+,-,-,REINVESTOR
DMART,Mar 2022,+,-,-,REINVESTOR
DMART,Mar 2023,+,-,-,REINVESTOR
DMART,Mar 2024,+,-,-,REINVESTOR
DRREDDY,Mar 2013,+,-,-,REINVESTOR
DRREDDY,Mar 2014,+,-,-,REINVESTOR
DRREDDY,Mar 2015,+,-,-,REINVESTOR
DRREDDY,Mar 2016,+,-,-,REINVESTOR
DRREDDY,Mar 2017,+,-,-,REINVESTOR
DRREDDY,Mar 2018,+,-,-,REINVESTOR
DRREDDY,Mar 2019,+,-,-,REINVESTOR
DRREDDY,Mar 2020,+,-,-,REINVESTOR
DRREDDY,Mar 2021,+,-,-,REINVESTOR
DRREDDY,Mar 2022,+,-,-,REINVESTOR
DRREDDY,Mar 2023,+,-,-,REINVESTOR
DRREDDY,Mar 2024,+,-,-,REINVESTOR
EICHERMOT,Dec 2012,+,-,-,REINVESTOR
EICHERMOT,Dec 2013,+,-,-,REINVESTOR
EICHERMOT,Dec 2014,+,-,-,REINVESTOR
EICHERMOT,Mar 2016,+,-,-,REINVESTOR
EICHERMOT,Mar 2017,+,-,+,MIXED
EICHERMOT,Mar 2018,+,-,-,REINVESTOR
EICHERMOT,Mar 2019,+,-,-,REINVESTOR
EICHERMOT,Mar 2020,+,-,-,REINVESTOR
EICHERMOT,Mar 2021,+,-,-,REINVESTOR
EICHERMOT,Mar 2022,+,-,-,REINVESTOR
EICHERMOT,Mar 2023,+,-,-,REINVESTOR
EICHERMOT,Mar 2024,+,-,-,REINVESTOR
GAIL,Mar 2013,+,-,+,MIXED
GAIL,Mar 2014,+,-,-,REINVESTOR
GAIL,Mar 2015,+,-,-,REINVESTOR
GAIL,Mar 2016,+,-,-,REINVESTOR
GAIL,Mar 2017,+,-,-,REINVESTOR
GAIL,Mar 2018,+,-,-,REINVESTOR
GAIL,Mar 2019,+,-,-,REINVESTOR
GAIL,Mar 2020,+,-,+,MIXED
GAIL,Mar 2021,+,-,-,REINVESTOR
GAIL,Mar 2022,+,-,-,REINVESTOR
GAIL,Mar 2023,+,-,+,MIXED
GAIL,Mar 2024,+,-,-,REINVESTOR
GODREJCP,Mar 2013,+,-,+,MIXED
GODREJCP,Mar 2014,+,-,-,REINVESTOR
GODREJCP,Mar 2015,+,-,-,REINVESTOR
GODREJCP,Mar 2016,+,-,-,REINVESTOR
GODREJCP,Mar 2017,+,-,+,MIXED
GODREJCP,Mar 2018,+,-,-,REINVESTOR
GODREJCP,Mar 2019,+,+,-,LIQUIDATING_ASSETS
GODREJCP,Mar 2020,+,-,-,REINVESTOR
GODREJCP,Mar 2021,+,-,-,REINVESTOR
GODREJCP,Mar 2022,+,-,-,REINVESTOR
GODREJCP,Mar 2023,+,-,-,REINVESTOR
GODREJCP,Mar 2024,+,-,+,MIXED
GRASIM,Mar 2013,+,-,+,MIXED
GRASIM,Mar 2014,+,-,-,REINVESTOR
GRASIM,Mar 2015,+,-,-,REINVESTOR
GRASIM,Mar 2016,+,-,-,REINVESTOR
GRASIM,Mar 2017,+,-,-,REINVESTOR
GRASIM,Mar 2018,-,+,+,DISTRESS
GRASIM,Mar 2019,-,-,+,DEBT_FUNDED_GROWTH
GRASIM,Mar 2020,+,-,-,REINVESTOR
GRASIM,Mar 2021,+,-,-,REINVESTOR
GRASIM,Mar 2022,+,-,-,REINVESTOR
GRASIM,Mar 2023,-,-,+,DEBT_FUNDED_GROWTH
GRASIM,Mar 2024,-,-,+,DEBT_FUNDED_GROWTH
HAL,Mar 2016,-,-,-,PRE_REVENUE
HAL,Mar 2017,-,+,-,OTHER
HAL,Mar 2018,-,+,-,OTHER
HAL,Mar 2019,-,+,+,DISTRESS
HAL,Mar 2020,+,-,+,MIXED
HAL,Mar 2021,+,-,-,REINVESTOR
HAL,Mar 2022,+,-,-,REINVESTOR
HAL,Mar 2023,+,-,-,REINVESTOR
HAL,Mar 2024,+,-,-,REINVESTOR
HAVELLS,Mar 2013,+,-,-,REINVESTOR
HAVELLS,Mar 2014,+,-,-,REINVESTOR
HAVELLS,Mar 2015,+,-,-,REINVESTOR
HAVELLS,Mar 2016,+,-,-,REINVESTOR
HAVELLS,Mar 2017,+,-,-,REINVESTOR
HAVELLS,Mar 2018,+,-,-,REINVESTOR
HAVELLS,Mar 2019,+,+,-,LIQUIDATING_ASSETS
HAVELLS,Mar 2020,+,-,-,REINVESTOR
HAVELLS,Mar 2021,+,-,+,MIXED
HAVELLS,Mar 2022,+,-,-,REINVESTOR
HAVELLS,Mar 2023,+,+,-,LIQUIDATING_ASSETS
HAVELLS,Mar 2024,+,-,-,REINVESTOR
HCLTECH,Jun 2013,+,-,-,REINVESTOR
HCLTECH,Jun 2014,+,-,-,REINVESTOR
HCLTECH,Jun 2015,+,-,-,REINVESTOR
HCLTECH,Mar 2017,+,-,-,REINVESTOR
HCLTECH,Mar 2018,+,-,-,REINVESTOR
HCLTECH,Mar 2019,+,-,-,REINVESTOR
HCLTECH,Mar 2020,+,-,-,REINVESTOR
HCLTECH,Mar 2021,+,-,-,REINVESTOR
HCLTECH,Mar 2022,+,+,-,LIQUIDATING_ASSETS
HCLTECH,Mar 2023,+,-,-,REINVESTOR
HCLTECH,Mar 2024,+,-,-,REINVESTOR
HDFCBANK,Mar 2013,-,-,+,DEBT_FUNDED_GROWTH
HDFCBANK,Mar 2014,+,-,+,MIXED
HDFCBANK,Mar 2015,-,-,+,DEBT_FUNDED_GROWTH
HDFCBANK,Mar 2016,-,-,+,DEBT_FUNDED_GROWTH
HDFCBANK,Mar 2017,+,-,-,REINVESTOR
HDFCBANK,Mar 2018,+,-,+,MIXED
HDFCBANK,Mar 2019,-,-,+,DEBT_FUNDED_GROWTH
HDFCBANK,Mar 2020,-,-,+,DEBT_FUNDED_GROWTH
HDFCBANK,Mar 2021,+,-,-,REINVESTOR
HDFCBANK,Mar 2022,-,-,+,DEBT_FUNDED_GROWTH
HDFCBANK,Mar 2023,+,-,+,MIXED
HDFCBANK,Mar 2024,+,+,-,LIQUIDATING_ASSETS
HDFCLIFE,Mar 2013,-,-,-,PRE_REVENUE
HDFCLIFE,Mar 2014,-,-,-,PRE_REVENUE
HDFCLIFE,Mar 2015,+,-,-,REINVESTOR
HDFCLIFE,Mar 2016,+,-,-,REINVESTOR
HDFCLIFE,Mar 2017,+,-,-,REINVESTOR
HDFCLIFE,Mar 2018,+,-,-,REINVESTOR
HDFCLIFE,Mar 2019,+,-,-,REINVESTOR
HDFCLIFE,Mar 2020,+,-,+,MIXED
HDFCLIFE,Mar 2021,+,-,+,MIXED
HDFCLIFE,Mar 2022,+,-,-,REINVESTOR
HDFCLIFE,Mar 2023,+,-,+,MIXED
HDFCLIFE,Mar 2024,+,-,-,REINVESTOR
HEROMOTOCO,Mar 2014,+,-,-,REINVESTOR
HEROMOTOCO,Mar 2015,+,+,-,LIQUIDATING_ASSETS
HEROMOTOCO,Mar 2016,+,-,-,REINVESTOR
HEROMOTOCO,Mar 2017,+,-,-,REINVESTOR
HEROMOTOCO,Mar 2018,+,-,-,REINVESTOR
HEROMOTOCO,Mar 2019,+,+,-,LIQUIDATING_ASSETS
HEROMOTOCO,Mar 2020,+,-,-,REINVESTOR
HEROMOTOCO,Mar 2021,+,-,-,REINVESTOR
HEROMOTOCO,Mar 2022,+,-,-,REINVESTOR
HEROMOTOCO,Mar 2023,+,-,-,REINVESTOR
HEROMOTOCO,Mar 2024,+,-,-,REINVESTOR
HINDALCO,Mar 2013,+,-,+,MIXED
HINDALCO,Mar 2014,+,-,+,MIXED
HINDALCO,Mar 2015,+,-,-,REINVESTOR
HINDALCO,Mar 2016,+,-,-,REINVESTOR
HINDALCO,Mar 2017,+,-,-,REINVESTOR
HINDALCO,Mar 2018,+,+,-,LIQUIDATING_ASSETS
HINDALCO,Mar 2019,+,-,-,REINVESTOR
HINDALCO,Mar 2020,+,-,+,MIXED
HINDALCO,Mar 2021,+,-,-,REINVESTOR
HINDALCO,Mar 2022,+,-,-,REINVESTOR
HINDALCO,Mar 2023,+,-,-,REINVESTOR
HINDALCO,Mar 2024,+,-,-,REINVESTOR
HINDUNILVR,Mar 2013,+,+,-,LIQUIDATING_ASSETS
HINDUNILVR,Mar 2014,+,-,-,REINVESTOR
HINDUNILVR,Mar 2015,+,+,-,LIQUIDATING_ASSETS
HINDUNILVR,Mar 2016,+,-,-,REINVESTOR
HINDUNILVR,Mar 2017,+,-,-,REINVESTOR
HINDUNILVR,Mar 2018,+,-,-,REINVESTOR
HINDUNILVR,Mar 2019,+,-,-,REINVESTOR
HINDUNILVR,Mar 2020,+,+,-,LIQUIDATING_ASSETS
HINDUNILVR,Mar 2021,+,-,-,REINVESTOR
HINDUNILVR,Mar 2022,+,-,-,REINVESTOR
HINDUNILVR,Mar 2023,+,-,-,REINVESTOR
HINDUNILVR,Mar 2024,+,-,-,REINVESTOR
ICICIBANK,Mar 2013,+,-,+,MIXED
ICICIBANK,Mar 2014,+,-,+,MIXED
ICICIBANK,Mar 2015,-,-,+,DEBT_FUNDED_GROWTH
ICICIBANK,Mar 2016,+,-,+,MIXED
ICICIBANK,Mar 2017,+,-,-,REINVESTOR
ICICIBANK,Mar 2018,+,-,+,MIXED
ICICIBANK,Mar 2019,+,-,-,REINVESTOR
ICICIBANK,Mar 2020,+,-,+,MIXED
ICICIBANK,Mar 2021,+,-,-,REINVESTOR
ICICIBANK,Mar 2022,+,-,+,MIXED
ICICIBANK,Mar 2023,-,-,+,DEBT_FUNDED_GROWTH
ICICIBANK,Mar 2024,+,-,+,MIXED
ICICIGI,Mar 2013,+,-,+,MIXED
ICICIGI,Mar 2014,+,-,+,MIXED
ICICIGI,Mar 2015,-,+,-,OTHER
ICICIGI,Mar 2016,+,-,-,REINVESTOR
ICICIGI,Mar 2017,+,-,+,MIXED
ICICIGI,Mar 2018,+,-,-,REINVESTOR
ICICIGI,Mar 2019,+,-,-,REINVESTOR
ICICIGI,Mar 2020,+,-,-,REINVESTOR
ICICIGI,Mar 2021,+,-,-,REINVESTOR
ICICIGI,Mar 2022,+,+,-,LIQUIDATING_ASSETS
ICICIGI,Mar 2023,+,-,-,REINVESTOR
ICICIGI,Mar 2024,+,-,-,REINVESTOR
ICICIPRULI,Mar 2013,-,+,-,OTHER
ICICIPRULI,Mar 2014,-,+,-,OTHER
ICICIPRULI,Mar 2015,+,-,-,REINVESTOR
ICICIPRULI,Mar 2016,+,+,-,LIQUIDATING_ASSETS
ICICIPRULI,Mar 2017,+,-,-,REINVESTOR
ICICIPRULI,Mar 2018,+,-,-,REINVESTOR
ICICIPRULI,Mar 2019,+,-,-,REINVESTOR
ICICIPRULI,Mar 2020,+,-,-,REINVESTOR
ICICIPRULI,Mar 2021,+,-,+,MIXED
ICICIPRULI,Mar 2022,+,-,-,REINVESTOR
ICICIPRULI,Mar 2023,+,-,-,REINVESTOR
ICICIPRULI,Mar 2024,-,+,-,OTHER
INDUSINDBK,Mar 2013,-,-,+,DEBT_FUNDED_GROWTH
INDUSINDBK,Mar 2014,-,-,+,DEBT_FUNDED_GROWTH
INDUSINDBK,Mar 2015,-,-,+,DEBT_FUNDED_GROWTH
INDUSINDBK,Mar 2016,-,-,+,DEBT_FUNDED_GROWTH
INDUSINDBK,Mar 2017,+,-,-,REINVESTOR
INDUSINDBK,Mar 2018,-,-,+,DEBT_FUNDED_GROWTH
INDUSINDBK,Mar 2019,-,-,+,DEBT_FUNDED_GROWTH
INDUSINDBK,Mar 2020,-,+,+,DISTRESS
INDUSINDBK,Mar 2021,+,-,-,REINVESTOR
INDUSINDBK,Mar 2022,+,-,-,REINVESTOR
INDUSINDBK,Mar 2023,-,-,+,DEBT_FUNDED_GROWTH
INDUSINDBK,Mar 2024,-,-,-,PRE_REVENUE
INFY,Mar 2013,+,-,-,REINVESTOR
INFY,Mar 2014,+,-,-,REINVESTOR
INFY,Mar 2015,+,+,-,LIQUIDATING_ASSETS
INFY,Mar 2016,+,-,-,REINVESTOR
INFY,Mar 2017,+,-,-,REINVESTOR
INFY,Mar 2018,+,+,-,LIQUIDATING_ASSETS
INFY,Mar 2019,+,-,-,REINVESTOR
INFY,Mar 2020,+,-,-,REINVESTOR
INFY,Mar 2021,+,-,-,REINVESTOR
INFY,Mar 2022,+,-,-,REINVESTOR
INFY,Mar 2023,+,-,-,REINVESTOR
INFY,Mar 2024,+,-,-,REINVESTOR
IOC,Mar 2013,+,-,+,MIXED
IOC,Mar 2014,+,-,-,REINVESTOR
IOC,Mar 2015,+,-,-,REINVESTOR
IOC,Mar 2016,+,-,-,REINVESTOR
IOC,Mar 2017,+,-,-,REINVESTOR
IOC,Mar 2018,+,-,-,REINVESTOR
IOC,Mar 2019,+,-,+,MIXED
IOC,Mar 2020,+,-,+,MIXED
IOC,Mar 2021,+,-,-,REINVESTOR
IOC,Mar 2022,+,-,-,REINVESTOR
IOC,Mar 2023,+,-,-,REINVESTOR
IOC,Mar 2024,+,-,-,REINVESTOR
IRCTC,Mar 2013,-,-,-,PRE_REVENUE
IRCTC,Mar 2014,-,-,-,PRE_REVENUE
IRCTC,Mar 2015,+,-,-,REINVESTOR
IRCTC,Mar 2016,+,+,-,LIQUIDATING_ASSETS
IRCTC,Mar 2017,+,+,-,LIQUIDATING_ASSETS
IRCTC,Mar 2018,+,+,-,LIQUIDATING_ASSETS
IRCTC,Mar 2019,+,-,-,REINVESTOR
IRCTC,Mar 2020,+,+,-,LIQUIDATING_ASSETS
IRCTC,Mar 2021,+,-,-,REINVESTOR
IRCTC,Mar 2022,+,-,-,REINVESTOR
IRFC,Mar 2023,-,-,+,DEBT_FUNDED_GROWTH
IRFC,Mar 2024,+,-,-,REINVESTOR
IRFC,Mar 2015,-,-,-,PRE_REVENUE
IRFC,Mar 2016,-,+,+,DISTRESS
IRFC,Mar 2017,-,+,+,DISTRESS
IRFC,Mar 2018,-,+,+,DISTRESS
IRFC,Mar 2019,-,+,+,DISTRESS
IRFC,Mar 2020,-,+,+,DISTRESS
IRFC,Mar 2021,-,-,+,DEBT_FUNDED_GROWTH
IRFC,Mar 2022,-,-,+,DEBT_FUNDED_GROWTH
IRFC,Mar 2023,-,-,+,DEBT_FUNDED_GROWTH
IRFC,Mar 2024,+,-,-,REINVESTOR
ITC,Mar 2013,+,-,-,REINVESTOR
ITC,Mar 2014,+,-,-,REINVESTOR
ITC,Mar 2015,+,-,-,REINVESTOR
ITC,Mar 2016,+,-,-,REINVESTOR
ITC,Mar 2017,+,-,-,REINVESTOR
ITC,Mar 2018,+,-,-,REINVESTOR
ITC,Mar 2019,+,-,-,REINVESTOR
ITC,Mar 2020,+,-,-,REINVESTOR
ITC,Mar 2021,+,+,-,LIQUIDATING_ASSETS
ITC,Mar 2022,+,-,-,REINVESTOR
ITC,Mar 2023,+,-,-,REINVESTOR
ITC,Mar 2024,+,+,-,LIQUIDATING_ASSETS
JINDALSTEL,Mar 2013,+,-,+,MIXED
JINDALSTEL,Mar 2014,+,-,+,MIXED
JINDALSTEL,Mar 2015,+,-,+,MIXED
JINDALSTEL,Mar 2016,+,-,-,REINVESTOR
JINDALSTEL,Mar 2017,+,-,-,REINVESTOR
JINDALSTEL,Mar 2018,+,-,-,REINVESTOR
JINDALSTEL,Mar 2019,+,-,-,REINVESTOR
JINDALSTEL,Mar 2020,+,-,-,REINVESTOR
JINDALSTEL,Mar 2021,+,-,-,REINVESTOR
JINDALSTEL,Mar 2022,+,-,-,REINVESTOR
JINDALSTEL,Mar 2023,+,-,-,REINVESTOR
JINDALSTEL,Mar 2024,+,-,+,MIXED
JIOFIN,Mar 2013,-,-,-,PRE_REVENUE
JIOFIN,Mar 2014,-,-,-,PRE_REVENUE
JSWENERGY,Mar 2015,+,-,-,REINVESTOR
JSWENERGY,Mar 2016,+,-,-,REINVESTOR
JSWENERGY,Mar 2017,+,-,-,REINVESTOR
JSWENERGY,Mar 2018,+,-,-,REINVESTOR
JSWENERGY,Mar 2019,+,-,-,REINVESTOR
JSWENERGY,Mar 2020,+,+,-,LIQUIDATING_ASSETS
JSWENERGY,Mar 2021,+,-,-,REINVESTOR
JSWENERGY,Mar 2022,+,-,-,REINVESTOR
JSWENERGY,Mar 2023,+,-,+,MIXED
JSWENERGY,Mar 2024,+,-,+,MIXED
JSWENERGY,Mar 2023,+,-,+,MIXED
JSWENERGY,Mar 2024,+,-,+,MIXED
JSWSTEEL,Mar 2013,+,-,-,REINVESTOR
JSWSTEEL,Mar 2014,+,-,+,MIXED
JSWSTEEL,Mar 2015,+,-,-,REINVESTOR
JSWSTEEL,Mar 2016,+,-,-,REINVESTOR
JSWSTEEL,Mar 2017,+,-,-,REINVESTOR
JSWSTEEL,Mar 2018,+,-,-,REINVESTOR
JSWSTEEL,Mar 2019,+,-,+,MIXED
JSWSTEEL,Mar 2020,+,-,+,MIXED
JSWSTEEL,Mar 2021,+,-,-,REINVESTOR
JSWSTEEL,Mar 2022,+,-,-,REINVESTOR
JSWSTEEL,Mar 2023,+,-,-,REINVESTOR
JSWSTEEL,Mar 2024,+,-,-,REINVESTOR
KOTAKBANK,Mar 2013,+,-,+,MIXED
KOTAKBANK,Mar 2014,+,-,-,REINVESTOR
KOTAKBANK,Mar 2015,+,-,+,MIXED
KOTAKBANK,Mar 2016,+,-,+,MIXED
KOTAKBANK,Mar 2017,+,-,+,MIXED
KOTAKBANK,Mar 2018,-,-,+,DEBT_FUNDED_GROWTH
KOTAKBANK,Mar 2019,+,-,+,MIXED
KOTAKBANK,Mar 2020,+,-,-,REINVESTOR
KOTAKBANK,Mar 2021,+,-,-,REINVESTOR
KOTAKBANK,Mar 2022,+,-,+,MIXED
KOTAKBANK,Mar 2023,-,-,+,DEBT_FUNDED_GROWTH
KOTAKBANK,Mar 2024,+,-,+,MIXED
LICI,Mar 2013,-,-,-,PRE_REVENUE
LICI,Mar 2014,-,-,-,PRE_REVENUE
LICI,Mar 2015,-,-,-,PRE_REVENUE
LICI,Mar 2016,-,-,-,PRE_REVENUE
LICI,Mar 2017,-,-,-,PRE_REVENUE
LICI,Mar 2018,-,-,-,PRE_REVENUE
LODHA,Mar 2019,-,-,+,DEBT_FUNDED_GROWTH
LODHA,Mar 2020,+,+,-,LIQUIDATING_ASSETS
LODHA,Mar 2021,+,+,-,LIQUIDATING_ASSETS
LODHA,Mar 2022,+,+,-,LIQUIDATING_ASSETS
LODHA,Mar 2023,+,+,-,LIQUIDATING_ASSETS
LODHA,Mar 2024,+,-,+,MIXED
LODHA,Mar 2019,-,-,+,DEBT_FUNDED_GROWTH
LODHA,Mar 2020,+,+,-,LIQUIDATING_ASSETS
LODHA,Mar 2021,+,+,-,LIQUIDATING_ASSETS
LODHA,Mar 2022,+,+,-,LIQUIDATING_ASSETS
LODHA,Mar 2023,+,+,-,LIQUIDATING_ASSETS
LODHA,Mar 2024,+,-,+,MIXED
LT,Mar 2011,-,-,-,PRE_REVENUE
LT,Mar 2012,-,-,-,PRE_REVENUE
LT,Mar 2015,-,-,+,DEBT_FUNDED_GROWTH
LT,Mar 2016,-,-,+,DEBT_FUNDED_GROWTH
LT,Mar 2017,+,-,+,MIXED
LT,Mar 2018,-,+,+,DISTRESS
LT,Mar 2019,-,-,+,DEBT_FUNDED_GROWTH
LT,Mar 2020,+,-,+,MIXED
LT,Mar 2021,+,-,-,REINVESTOR
LT,Mar 2022,+,-,-,REINVESTOR
LT,Mar 2023,+,-,-,REINVESTOR
LT,Mar 2024,+,+,-,LIQUIDATING_ASSETS
LTIM,Mar 2013,+,-,-,REINVESTOR
LTIM,Mar 2014,+,+,-,LIQUIDATING_ASSETS
LTIM,Mar 2015,+,-,-,REINVESTOR
LTIM,Mar 2016,+,-,-,REINVESTOR
LTIM,Mar 2017,+,-,-,REINVESTOR
LTIM,Mar 2018,+,-,-,REINVESTOR
LTIM,Mar 2019,+,-,-,REINVESTOR
LTIM,Mar 2020,+,-,-,REINVESTOR
LTIM,Mar 2021,+,-,-,REINVESTOR
LTIM,Mar 2022,+,-,-,REINVESTOR
LTIM,Mar 2023,+,-,-,REINVESTOR
LTIM,Mar 2024,+,-,-,REINVESTOR
M&M,Mar 2013,-,-,+,DEBT_FUNDED_GROWTH
M&M,Mar 2014,-,-,+,DEBT_FUNDED_GROWTH
M&M,Mar 2015,+,-,+,MIXED
M&M,Mar 2016,+,-,+,MIXED
M&M,Mar 2017,+,-,+,MIXED
M&M,Mar 2018,+,-,+,MIXED
M&M,Mar 2019,-,-,+,DEBT_FUNDED_GROWTH
M&M,Mar 2020,-,-,+,DEBT_FUNDED_GROWTH
M&M,Mar 2021,+,-,+,MIXED
M&M,Mar 2022,+,-,-,REINVESTOR
M&M,Mar 2023,-,-,+,DEBT_FUNDED_GROWTH
M&M,Mar 2024,-,-,+,DEBT_FUNDED_GROWTH
MARUTI,Mar 2013,+,-,-,REINVESTOR
MARUTI,Mar 2014,+,-,-,REINVESTOR
MARUTI,Mar 2015,+,-,-,REINVESTOR
MARUTI,Mar 2016,+,-,-,REINVESTOR
MARUTI,Mar 2017,+,-,-,REINVESTOR
MARUTI,Mar 2018,+,-,-,REINVESTOR
MARUTI,Mar 2019,+,-,-,REINVESTOR
MARUTI,Mar 2020,+,-,-,REINVESTOR
MARUTI,Mar 2021,+,-,-,REINVESTOR
MARUTI,Mar 2022,+,-,-,REINVESTOR
MARUTI,Mar 2023,+,-,-,REINVESTOR
MARUTI,Mar 2024,+,-,-,REINVESTOR
MOTHERSON,Mar 2013,+,-,-,REINVESTOR
MOTHERSON,Mar 2014,+,-,-,REINVESTOR
MOTHERSON,Mar 2015,+,-,+,MIXED
MOTHERSON,Mar 2016,+,-,-,REINVESTOR
MOTHERSON,Mar 2017,+,-,+,MIXED
MOTHERSON,Mar 2018,+,-,-,REINVESTOR
MOTHERSON,Mar 2019,+,-,-,REINVESTOR
MOTHERSON,Mar 2020,+,-,-,REINVESTOR
MOTHERSON,Mar 2021,+,-,-,REINVESTOR
MOTHERSON,Mar 2022,+,-,-,REINVESTOR
MOTHERSON,Mar 2023,+,-,-,REINVESTOR
MOTHERSON,Mar 2024,+,-,+,MIXED
NAUKRI,Mar 2013,+,-,-,REINVESTOR
NAUKRI,Mar 2014,+,-,+,MIXED
NAUKRI,Mar 2015,+,-,+,MIXED
NAUKRI,Mar 2016,+,-,-,REINVESTOR
NAUKRI,Mar 2017,+,-,-,REINVESTOR
NAUKRI,Mar 2018,+,-,-,REINVESTOR
NAUKRI,Mar 2019,+,-,-,REINVESTOR
NAUKRI,Mar 2020,+,+,-,LIQUIDATING_ASSETS
NAUKRI,Mar 2021,+,-,+,MIXED
NAUKRI,Mar 2022,+,-,+,MIXED
NAUKRI,Mar 2023,+,-,+,MIXED
NAUKRI,Mar 2024,+,-,+,MIXED
NESTLEIND,Mar 2013,-,-,-,PRE_REVENUE
NESTLEIND,Mar 2014,-,-,-,PRE_REVENUE
NESTLEIND,Mar 2015,-,-,-,PRE_REVENUE
NESTLEIND,Mar 2016,-,-,-,PRE_REVENUE
NESTLEIND,Mar 2017,-,-,-,PRE_REVENUE
NESTLEIND,Mar 2018,-,-,-,PRE_REVENUE
NESTLEIND,Mar 2019,-,-,-,PRE_REVENUE
NESTLEIND,Mar 2020,-,-,-,PRE_REVENUE
NESTLEIND,Mar 2021,-,-,-,PRE_REVENUE
NESTLEIND,Mar 2022,-,-,-,PRE_REVENUE
NESTLEIND,Mar 2023,-,-,-,PRE_REVENUE
NESTLEIND,Mar 2024,+,-,-,REINVESTOR
NHPC,Dec 2013,-,-,-,PRE_REVENUE
NHPC,Dec 2014,-,-,-,PRE_REVENUE
NHPC,Dec 2015,-,-,-,PRE_REVENUE
NHPC,Dec 2016,-,-,-,PRE_REVENUE
NHPC,Dec 2017,-,-,-,PRE_REVENUE
NHPC,Dec 2018,-,-,-,PRE_REVENUE
NHPC,Dec 2019,-,-,-,PRE_REVENUE
NHPC,Dec 2020,-,-,-,PRE_REVENUE
NHPC,Dec 2021,-,-,-,PRE_REVENUE
NHPC,Dec 2022,-,-,-,PRE_REVENUE
NHPC,Dec 2023,-,-,-,PRE_REVENUE
NHPC,Mar 2024,+,-,-,REINVESTOR
NTPC,Mar 2013,+,-,+,MIXED
NTPC,Mar 2014,+,-,-,REINVESTOR
NTPC,Mar 2015,+,-,-,REINVESTOR
NTPC,Mar 2016,+,-,-,REINVESTOR
NTPC,Mar 2017,+,-,+,MIXED
NTPC,Mar 2018,+,-,+,MIXED
NTPC,Mar 2019,+,-,+,MIXED
NTPC,Mar 2020,+,-,+,MIXED
NTPC,Mar 2021,+,-,-,REINVESTOR
NTPC,Mar 2022,+,-,-,REINVESTOR
NTPC,Mar 2023,+,-,-,REINVESTOR
NTPC,Mar 2024,+,-,-,REINVESTOR
ONGC,Mar 2013,+,-,-,REINVESTOR
ONGC,Mar 2014,+,-,+,MIXED
ONGC,Mar 2015,+,-,-,REINVESTOR
ONGC,Mar 2016,+,-,-,REINVESTOR
ONGC,Mar 2017,+,-,-,REINVESTOR
ONGC,Mar 2018,+,-,+,MIXED
ONGC,Mar 2019,+,-,-,REINVESTOR
ONGC,Mar 2020,+,-,-,REINVESTOR
ONGC,Mar 2021,+,-,-,REINVESTOR
ONGC,Mar 2022,+,-,-,REINVESTOR
ONGC,Mar 2023,+,-,-,REINVESTOR
ONGC,Mar 2024,+,-,-,REINVESTOR
PFC,Mar 2013,-,+,+,DISTRESS
PFC,Mar 2014,-,+,+,DISTRESS
PFC,Mar 2015,-,-,+,DEBT_FUNDED_GROWTH
PFC,Mar 2016,-,-,+,DEBT_FUNDED_GROWTH
PFC,Mar 2017,+,-,+,MIXED
PFC,Mar 2018,-,+,+,DISTRESS
PFC,Mar 2019,-,-,+,DEBT_FUNDED_GROWTH
PFC,Mar 2020,-,-,+,DEBT_FUNDED_GROWTH
PFC,Mar 2021,-,+,+,DISTRESS
PFC,Mar 2022,+,-,-,REINVESTOR
PFC,Mar 2023,-,-,+,DEBT_FUNDED_GROWTH
PFC,Mar 2024,-,-,+,DEBT_FUNDED_GROWTH
PIDILITIND,Mar 2013,+,-,-,REINVESTOR
PIDILITIND,Mar 2014,+,-,-,REINVESTOR
PIDILITIND,Mar 2015,+,-,-,REINVESTOR
PIDILITIND,Mar 2016,+,-,-,REINVESTOR
PIDILITIND,Mar 2017,+,-,+,MIXED
PIDILITIND,Mar 2018,+,+,-,LIQUIDATING_ASSETS
PIDILITIND,Mar 2019,+,-,-,REINVESTOR
PIDILITIND,Mar 2020,+,+,-,LIQUIDATING_ASSETS
PIDILITIND,Mar 2021,+,-,-,REINVESTOR
PIDILITIND,Mar 2022,+,-,-,REINVESTOR
PIDILITIND,Mar 2023,+,-,-,REINVESTOR
PIDILITIND,Mar 2024,+,-,-,REINVESTOR
PNB,Mar 2013,-,-,-,PRE_REVENUE
PNB,Mar 2014,+,-,+,MIXED
PNB,Mar 2015,+,-,+,MIXED
PNB,Mar 2016,+,-,+,MIXED
PNB,Mar 2017,+,+,-,LIQUIDATING_ASSETS
PNB,Mar 2018,-,+,+,DISTRESS
PNB,Mar 2019,-,-,+,DEBT_FUNDED_GROWTH
PNB,Mar 2020,-,-,+,DEBT_FUNDED_GROWTH
PNB,Mar 2021,+,-,+,MIXED
PNB,Mar 2022,+,-,+,MIXED
PNB,Mar 2023,+,-,+,MIXED
PNB,Mar 2024,-,-,+,DEBT_FUNDED_GROWTH
PNB,Mar 2013,-,-,-,PRE_REVENUE
PNB,Mar 2013,-,-,-,PRE_REVENUE
PNB,Mar 2013,-,-,-,PRE_REVENUE
PNB,Mar 2013,-,-,-,PRE_REVENUE
PNB,Mar 2013,-,-,-,PRE_REVENUE
PNB,Mar 2014,+,-,+,MIXED
PNB,Mar 2014,+,-,+,MIXED
PNB,Mar 2014,+,-,+,MIXED
PNB,Mar 2014,+,-,+,MIXED
PNB,Mar 2014,+,-,+,MIXED
PNB,Mar 2015,+,-,+,MIXED
PNB,Mar 2015,+,-,+,MIXED
PNB,Mar 2015,+,-,+,MIXED
PNB,Mar 2015,+,-,+,MIXED
PNB,Mar 2015,+,-,+,MIXED
PNB,Mar 2016,+,-,+,MIXED
PNB,Mar 2016,+,-,+,MIXED
PNB,Mar 2016,+,-,+,MIXED
PNB,Mar 2016,+,-,+,MIXED
PNB,Mar 2016,+,-,+,MIXED
PNB,Mar 2017,+,+,-,LIQUIDATING_ASSETS
PNB,Mar 2017,+,+,-,LIQUIDATING_ASSETS
PNB,Mar 2017,+,+,-,LIQUIDATING_ASSETS
PNB,Mar 2017,+,+,-,LIQUIDATING_ASSETS
PNB,Mar 2017,+,+,-,LIQUIDATING_ASSETS
PNB,Mar 2018,-,+,+,DISTRESS
PNB,Mar 2018,-,+,+,DISTRESS
PNB,Mar 2018,-,+,+,DISTRESS
PNB,Mar 2018,-,+,+,DISTRESS
PNB,Mar 2018,-,+,+,DISTRESS
PNB,Mar 2019,-,-,+,DEBT_FUNDED_GROWTH
PNB,Mar 2019,-,-,+,DEBT_FUNDED_GROWTH
PNB,Mar 2019,-,-,+,DEBT_FUNDED_GROWTH
PNB,Mar 2019,-,-,+,DEBT_FUNDED_GROWTH
PNB,Mar 2019,-,-,+,DEBT_FUNDED_GROWTH
PNB,Mar 2020,-,-,+,DEBT_FUNDED_GROWTH
PNB,Mar 2020,-,-,+,DEBT_FUNDED_GROWTH
PNB,Mar 2020,-,-,+,DEBT_FUNDED_GROWTH
PNB,Mar 2020,-,-,+,DEBT_FUNDED_GROWTH
PNB,Mar 2020,-,-,+,DEBT_FUNDED_GROWTH
PNB,Mar 2021,+,-,+,MIXED
PNB,Mar 2021,+,-,+,MIXED
PNB,Mar 2021,+,-,+,MIXED
PNB,Mar 2021,+,-,+,MIXED
PNB,Mar 2021,+,-,+,MIXED
PNB,Mar 2022,+,-,+,MIXED
PNB,Mar 2022,+,-,+,MIXED
PNB,Mar 2022,+,-,+,MIXED
POWERGRID,Mar 2022,+,+,-,LIQUIDATING_ASSETS
POWERGRID,Mar 2022,+,+,-,LIQUIDATING_ASSETS
POWERGRID,Mar 2023,+,-,-,REINVESTOR
POWERGRID,Mar 2023,+,-,-,REINVESTOR
POWERGRID,Mar 2023,+,-,-,REINVESTOR
POWERGRID,Mar 2023,+,-,-,REINVESTOR
POWERGRID,Mar 2023,+,-,-,REINVESTOR
POWERGRID,Mar 2024,+,-,-,REINVESTOR
POWERGRID,Mar 2024,+,-,-,REINVESTOR
POWERGRID,Mar 2024,+,-,-,REINVESTOR
POWERGRID,Mar 2024,+,-,-,REINVESTOR
POWERGRID,Mar 2024,+,-,-,REINVESTOR
POWERGRID,Mar 2013,+,-,+,MIXED
POWERGRID,Mar 2013,+,-,+,MIXED
POWERGRID,Mar 2014,+,-,+,MIXED
POWERGRID,Mar 2014,+,-,+,MIXED
POWERGRID,Mar 2015,+,-,+,MIXED
POWERGRID,Mar 2015,+,-,+,MIXED
POWERGRID,Mar 2016,+,-,+,MIXED
POWERGRID,Mar 2016,+,-,+,MIXED
POWERGRID,Mar 2017,+,-,+,MIXED
POWERGRID,Mar 2017,+,-,+,MIXED
POWERGRID,Mar 2018,+,-,+,MIXED
POWERGRID,Mar 2018,+,-,+,MIXED
RECLTD,Mar 2019,-,+,+,DISTRESS
RECLTD,Mar 2019,-,+,+,DISTRESS
RECLTD,Mar 2020,-,+,+,DISTRESS
RECLTD,Mar 2020,-,+,+,DISTRESS
RECLTD,Mar 2021,-,+,+,DISTRESS
RECLTD,Mar 2021,-,+,+,DISTRESS
RECLTD,Mar 2022,-,-,+,DEBT_FUNDED_GROWTH
RECLTD,Mar 2022,-,-,+,DEBT_FUNDED_GROWTH
RECLTD,Mar 2023,-,-,+,DEBT_FUNDED_GROWTH
RECLTD,Mar 2023,-,-,+,DEBT_FUNDED_GROWTH
RECLTD,Mar 2024,-,-,+,DEBT_FUNDED_GROWTH
RECLTD,Mar 2024,-,-,+,DEBT_FUNDED_GROWTH
RELIANCE,Mar 2013,+,-,+,MIXED
RELIANCE,Mar 2014,+,-,+,MIXED
RELIANCE,Mar 2015,+,-,+,MIXED
RELIANCE,Mar 2016,+,-,-,REINVESTOR
RELIANCE,Mar 2017,+,-,+,MIXED
RELIANCE,Mar 2018,+,-,-,REINVESTOR
RELIANCE,Mar 2019,+,-,+,MIXED
RELIANCE,Mar 2020,+,-,-,REINVESTOR
RELIANCE,Mar 2021,+,-,+,MIXED
RELIANCE,Mar 2022,+,-,+,MIXED
RELIANCE,Mar 2023,+,-,+,MIXED
RELIANCE,Mar 2024,+,-,-,REINVESTOR
SBILIFE,Mar 2013,+,-,-,REINVESTOR
SBILIFE,Mar 2014,+,-,-,REINVESTOR
SBILIFE,Mar 2015,+,-,-,REINVESTOR
SBILIFE,Mar 2016,+,-,-,REINVESTOR
SBILIFE,Mar 2017,+,-,-,REINVESTOR
SBILIFE,Mar 2018,+,-,-,REINVESTOR
SBILIFE,Mar 2019,+,-,-,REINVESTOR
SBILIFE,Mar 2020,+,-,-,REINVESTOR
SBILIFE,Mar 2021,+,-,+,MIXED
SBILIFE,Mar 2022,+,-,-,REINVESTOR
SBILIFE,Mar 2023,+,-,-,REINVESTOR
SBILIFE,Mar 2024,+,-,-,REINVESTOR
SHREECEM,Mar 2013,-,-,-,PRE_REVENUE
SHREECEM,Mar 2014,-,-,-,PRE_REVENUE
SHREECEM,Mar 2015,-,-,-,PRE_REVENUE
SHREECEM,Mar 2016,+,-,-,REINVESTOR
SHREECEM,Mar 2017,+,-,-,REINVESTOR
SHREECEM,Mar 2018,+,-,+,MIXED
SHREECEM,Mar 2019,+,-,-,REINVESTOR
SHREECEM,Mar 2020,+,-,+,MIXED
SHREECEM,Mar 2021,+,-,-,REINVESTOR
SHREECEM,Mar 2022,+,-,-,REINVESTOR
SHREECEM,Mar 2023,+,-,-,REINVESTOR
SHRIRAMFIN,Mar 2024,-,-,+,DEBT_FUNDED_GROWTH
SHRIRAMFIN,Jun 2013,-,-,-,PRE_REVENUE
SHRIRAMFIN,Jun 2014,-,-,-,PRE_REVENUE
SHRIRAMFIN,Jun 2015,-,-,-,PRE_REVENUE
SHRIRAMFIN,Mar 2017,-,-,+,DEBT_FUNDED_GROWTH
SHRIRAMFIN,Mar 2018,-,+,+,DISTRESS
SHRIRAMFIN,Mar 2019,-,-,+,DEBT_FUNDED_GROWTH
SHRIRAMFIN,Mar 2020,-,-,+,DEBT_FUNDED_GROWTH
SHRIRAMFIN,Mar 2021,-,-,+,DEBT_FUNDED_GROWTH
SHRIRAMFIN,Mar 2022,-,-,+,DEBT_FUNDED_GROWTH
SHRIRAMFIN,Mar 2023,-,+,+,DISTRESS
SHRIRAMFIN,Mar 2024,-,-,+,DEBT_FUNDED_GROWTH
SIEMENS,Mar 2013,-,-,-,PRE_REVENUE
SIEMENS,Mar 2014,-,-,-,PRE_REVENUE
SIEMENS,Mar 2015,-,-,-,PRE_REVENUE
SIEMENS,Mar 2016,-,-,-,PRE_REVENUE
SIEMENS,Mar 2017,-,-,-,PRE_REVENUE
SIEMENS,Mar 2018,-,-,-,PRE_REVENUE
SIEMENS,Mar 2019,-,-,-,PRE_REVENUE
SIEMENS,Mar 2020,-,-,-,PRE_REVENUE
SIEMENS,Mar 2021,-,-,-,PRE_REVENUE
SIEMENS,Mar 2022,-,-,-,PRE_REVENUE
SIEMENS,Mar 2023,-,-,-,PRE_REVENUE
SIEMENS,Mar 2024,-,-,-,PRE_REVENUE
SUNPHARMA,Sep 2011,-,-,-,PRE_REVENUE
SUNPHARMA,Sep 2014,-,-,-,PRE_REVENUE
SUNPHARMA,Sep 2015,-,-,-,PRE_REVENUE
SUNPHARMA,Sep 2016,-,-,-,PRE_REVENUE
SUNPHARMA,Sep 2017,-,-,-,PRE_REVENUE
SUNPHARMA,Sep 2018,-,-,-,PRE_REVENUE
SUNPHARMA,Sep 2019,-,-,-,PRE_REVENUE
SUNPHARMA,Sep 2020,-,-,-,PRE_REVENUE
SUNPHARMA,Sep 2021,-,-,-,PRE_REVENUE
SUNPHARMA,Sep 2022,-,-,-,PRE_REVENUE
SUNPHARMA,Sep 2023,-,-,-,PRE_REVENUE
SUNPHARMA,Sep 2024,-,-,-,PRE_REVENUE
TATACONSUM,Mar 2013,+,+,+,CASH_ACCUMULATOR
TATACONSUM,Mar 2014,+,-,-,REINVESTOR
TATACONSUM,Mar 2015,+,-,-,REINVESTOR
TATACONSUM,Mar 2016,+,+,-,LIQUIDATING_ASSETS
TATACONSUM,Mar 2017,+,+,-,LIQUIDATING_ASSETS
TATACONSUM,Mar 2018,+,-,-,REINVESTOR
TATACONSUM,Mar 2019,+,+,-,LIQUIDATING_ASSETS
TATACONSUM,Mar 2020,+,-,-,REINVESTOR
TATACONSUM,Mar 2021,+,-,-,REINVESTOR
TATACONSUM,Mar 2022,+,-,-,REINVESTOR
TATACONSUM,Mar 2023,+,-,-,REINVESTOR
TATACONSUM,Mar 2024,+,-,+,MIXED
TATAMOTORS,Mar 2013,+,-,-,REINVESTOR
TATAMOTORS,Mar 2014,+,-,-,REINVESTOR
TATAMOTORS,Mar 2015,+,-,+,MIXED
TATAMOTORS,Mar 2016,+,-,-,REINVESTOR
TATAMOTORS,Mar 2017,+,-,+,MIXED
TATAMOTORS,Mar 2018,+,-,+,MIXED
TATAMOTORS,Mar 2019,+,-,+,MIXED
TATAMOTORS,Mar 2020,+,-,+,MIXED
TATAMOTORS,Mar 2021,+,-,+,MIXED
TATAMOTORS,Mar 2022,+,-,-,REINVESTOR
TATAMOTORS,Mar 2023,+,-,-,REINVESTOR
TATAMOTORS,Mar 2024,+,-,-,REINVESTOR
TATAPOWER,Mar 2013,+,-,-,REINVESTOR
TATAPOWER,Mar 2014,+,-,-,REINVESTOR
TATAPOWER,Mar 2015,+,-,-,REINVESTOR
TATAPOWER,Mar 2016,+,-,-,REINVESTOR
TATAPOWER,Mar 2017,+,-,+,MIXED
TATAPOWER,Mar 2018,+,-,-,REINVESTOR
TATAPOWER,Mar 2019,+,-,-,REINVESTOR
TATAPOWER,Mar 2020,+,-,-,REINVESTOR
TATAPOWER,Mar 2021,+,+,-,LIQUIDATING_ASSETS
TATAPOWER,Mar 2022,+,-,-,REINVESTOR
TATAPOWER,Mar 2023,+,-,+,MIXED
TATAPOWER,Mar 2024,+,-,-,REINVESTOR
TATASTEEL,Mar 2013,+,-,-,REINVESTOR
TATASTEEL,Mar 2014,+,-,+,MIXED
TATASTEEL,Mar 2015,+,-,-,REINVESTOR
TATASTEEL,Mar 2016,+,-,-,REINVESTOR
TATASTEEL,Mar 2017,+,-,-,REINVESTOR
TATASTEEL,Mar 2018,+,-,+,MIXED
TATASTEEL,Mar 2019,+,-,-,REINVESTOR
TATASTEEL,Mar 2020,+,-,-,REINVESTOR
TATASTEEL,Mar 2021,+,-,-,REINVESTOR
TATASTEEL,Mar 2022,+,-,-,REINVESTOR
TATASTEEL,Mar 2023,+,-,-,REINVESTOR
TATASTEEL,Mar 2024,+,-,-,REINVESTOR
TCS,Mar 2013,+,-,-,REINVESTOR
TCS,Mar 2013,+,-,-,REINVESTOR
TCS,Mar 2014,+,-,-,REINVESTOR
TCS,Mar 2014,+,-,-,REINVESTOR
TCS,Mar 2015,+,-,-,REINVESTOR
TCS,Mar 2015,+,-,-,REINVESTOR
TCS,Mar 2016,+,-,-,REINVESTOR
TCS,Mar 2016,+,-,-,REINVESTOR
TCS,Mar 2017,+,-,-,REINVESTOR
TCS,Mar 2017,+,-,-,REINVESTOR
TCS,Mar 2018,+,+,-,LIQUIDATING_ASSETS
TCS,Mar 2018,+,+,-,LIQUIDATING_ASSETS
TCS,Mar 2019,+,+,-,LIQUIDATING_ASSETS
TCS,Mar 2019,+,+,-,LIQUIDATING_ASSETS
TCS,Mar 2020,+,+,-,LIQUIDATING_ASSETS
TCS,Mar 2020,+,+,-,LIQUIDATING_ASSETS
TCS,Mar 2021,+,-,-,REINVESTOR
TCS,Mar 2021,+,-,-,REINVESTOR
TCS,Mar 2022,+,-,-,REINVESTOR
TCS,Mar 2022,+,-,-,REINVESTOR
TCS,Mar 2023,+,+,-,LIQUIDATING_ASSETS
TCS,Mar 2023,+,+,-,LIQUIDATING_ASSETS
TCS,Mar 2024,+,+,-,LIQUIDATING_ASSETS
TCS,Mar 2024,+,+,-,LIQUIDATING_ASSETS
TECHM,Mar 2013,+,-,+,MIXED
TECHM,Mar 2014,+,+,-,LIQUIDATING_ASSETS
TECHM,Mar 2015,+,-,-,REINVESTOR
TECHM,Mar 2016,+,-,-,REINVESTOR
TECHM,Mar 2017,+,-,-,REINVESTOR
TECHM,Mar 2018,+,-,-,REINVESTOR
TECHM,Mar 2019,+,-,-,REINVESTOR
TECHM,Mar 2020,+,+,-,LIQUIDATING_ASSETS
TECHM,Mar 2021,+,-,-,REINVESTOR
TECHM,Mar 2022,+,+,-,LIQUIDATING_ASSETS
TECHM,Mar 2023,+,-,-,REINVESTOR
TECHM,Mar 2024,+,-,-,REINVESTOR
TECHM,Mar 2013,+,-,+,MIXED
TECHM,Mar 2013,+,-,+,MIXED
TECHM,Mar 2014,+,+,-,LIQUIDATING_ASSETS
TECHM,Mar 2014,+,+,-,LIQUIDATING_ASSETS
TECHM,Mar 2015,+,-,-,REINVESTOR
TECHM,Mar 2015,+,-,-,REINVESTOR
TECHM,Mar 2016,+,-,-,REINVESTOR
TECHM,Mar 2016,+,-,-,REINVESTOR
TECHM,Mar 2017,+,-,-,REINVESTOR
TECHM,Mar 2017,+,-,-,REINVESTOR
TECHM,Mar 2018,+,-,-,REINVESTOR
TECHM,Mar 2018,+,-,-,REINVESTOR
TITAN,Mar 2019,+,-,-,REINVESTOR
TITAN,Mar 2019,+,-,-,REINVESTOR
TITAN,Mar 2020,-,+,-,OTHER
TITAN,Mar 2020,-,+,-,OTHER
TITAN,Mar 2021,+,-,-,REINVESTOR
TITAN,Mar 2021,+,-,-,REINVESTOR
TITAN,Mar 2022,-,+,-,OTHER
TITAN,Mar 2022,-,+,-,OTHER
TITAN,Mar 2023,+,-,+,MIXED
TITAN,Mar 2023,+,-,+,MIXED
TITAN,Mar 2024,+,-,-,REINVESTOR
TITAN,Mar 2024,+,-,-,REINVESTOR
TORNTPHARM,Mar 2013,+,-,+,MIXED
TORNTPHARM,Mar 2014,+,-,+,MIXED
TORNTPHARM,Mar 2015,+,-,+,MIXED
TORNTPHARM,Mar 2016,+,-,-,REINVESTOR
TORNTPHARM,Mar 2017,+,-,-,REINVESTOR
TORNTPHARM,Mar 2018,+,-,+,MIXED
TORNTPHARM,Mar 2019,+,-,-,REINVESTOR
TORNTPHARM,Mar 2020,+,+,-,LIQUIDATING_ASSETS
TORNTPHARM,Mar 2021,+,-,-,REINVESTOR
TORNTPHARM,Mar 2022,+,-,-,REINVESTOR
TORNTPHARM,Mar 2023,+,-,+,MIXED
TORNTPHARM,Mar 2024,+,-,-,REINVESTOR
TRENT,Mar 2013,+,-,+,MIXED
TRENT,Mar 2014,-,-,-,PRE_REVENUE
TRENT,Mar 2015,-,-,+,DEBT_FUNDED_GROWTH
TRENT,Mar 2016,+,-,-,REINVESTOR
TRENT,Mar 2017,+,-,-,REINVESTOR
TRENT,Mar 2018,+,-,-,REINVESTOR
TRENT,Mar 2019,+,-,+,MIXED
TRENT,Mar 2020,+,-,+,MIXED
TRENT,Mar 2021,+,+,-,LIQUIDATING_ASSETS
TRENT,Mar 2022,+,+,-,LIQUIDATING_ASSETS
TRENT,Mar 2023,+,-,-,REINVESTOR
TRENT,Mar 2024,+,-,-,REINVESTOR
TVSMOTOR,Mar 2013,+,-,-,REINVESTOR
TVSMOTOR,Mar 2014,+,-,-,REINVESTOR
TVSMOTOR,Mar 2015,+,-,+,MIXED
TVSMOTOR,Mar 2016,+,-,-,REINVESTOR
TVSMOTOR,Mar 2017,+,-,-,REINVESTOR
TVSMOTOR,Mar 2018,+,-,+,MIXED
TVSMOTOR,Mar 2019,-,-,+,DEBT_FUNDED_GROWTH
TVSMOTOR,Mar 2020,+,-,+,MIXED
TVSMOTOR,Mar 2021,+,-,+,MIXED
TVSMOTOR,Mar 2022,-,-,+,DEBT_FUNDED_GROWTH
TVSMOTOR,Mar 2023,-,-,+,DEBT_FUNDED_GROWTH
TVSMOTOR,Mar 2024,-,-,+,DEBT_FUNDED_GROWTH
ULTRACEMCO,Mar 2013,+,-,+,MIXED
ULTRACEMCO,Mar 2014,+,-,-,REINVESTOR
ULTRACEMCO,Mar 2015,+,-,-,REINVESTOR
ULTRACEMCO,Mar 2016,+,-,-,REINVESTOR
ULTRACEMCO,Mar 2017,+,-,-,REINVESTOR
ULTRACEMCO,Mar 2018,+,+,-,LIQUIDATING_ASSETS
ULTRACEMCO,Mar 2019,+,+,-,LIQUIDATING_ASSETS
ULTRACEMCO,Mar 2020,+,-,-,REINVESTOR
ULTRACEMCO,Mar 2021,+,-,-,REINVESTOR
ULTRACEMCO,Mar 2022,+,+,-,LIQUIDATING_ASSETS
ULTRACEMCO,Mar 2023,+,-,-,REINVESTOR
ULTRACEMCO,Mar 2024,+,-,-,REINVESTOR
UNIONBANK,Mar 2013,-,-,+,DEBT_FUNDED_GROWTH
UNIONBANK,Mar 2014,+,-,+,MIXED
UNIONBANK,Mar 2015,-,-,+,DEBT_FUNDED_GROWTH
UNIONBANK,Mar 2016,+,-,-,REINVESTOR
UNIONBANK,Mar 2017,-,-,+,DEBT_FUNDED_GROWTH
UNIONBANK,Mar 2018,+,-,+,MIXED
UNIONBANK,Mar 2019,-,-,+,DEBT_FUNDED_GROWTH
UNIONBANK,Mar 2020,-,-,+,DEBT_FUNDED_GROWTH
UNIONBANK,Mar 2021,+,-,-,REINVESTOR
UNIONBANK,Mar 2022,+,-,-,REINVESTOR
UNIONBANK,Mar 2023,+,-,-,REINVESTOR
UNIONBANK,Mar 2024,+,-,-,REINVESTOR
INDIGO,Mar 2013,+,-,+,MIXED
INDIGO,Mar 2014,+,-,+,MIXED
INDIGO,Mar 2015,+,-,-,REINVESTOR
INDIGO,Mar 2016,+,-,-,REINVESTOR
INDIGO,Mar 2017,+,-,-,REINVESTOR
INDIGO,Mar 2018,+,-,+,MIXED
INDIGO,Mar 2019,+,-,-,REINVESTOR
INDIGO,Mar 2020,+,-,-,REINVESTOR
INDIGO,Mar 2021,-,+,-,OTHER
INDIGO,Mar 2022,+,+,-,LIQUIDATING_ASSETS
INDIGO,Mar 2023,+,-,-,REINVESTOR
INDIGO,Mar 2024,+,-,-,REINVESTOR
